user_id,age,aot_changebeliefs,aot_evidenceconflicts,aot_loyalbeliefs,aot_maintainbeliefs,aot_regardlesstopic,aot_trueimportant,comments,covidvaccine,crt_1050printer,crt_emilyaprilmay,crt_markadam28,crt_moldbread40,crt_passsecondplace,crt_sheep158died,economicissuespref,ethnicity,gender,politicalposition,politicalpref,random,ses_educationlevel,ses_educationyears,ses_income,ses_ladder,socialmedia_accuracyimportance,socialmedia_followers,socialmedia_following,socialmedia_sharepolitics,socialmedia_usefreq,socialissuespref,studyduration,aot,crt_emily,crt
1652910426203_slw42,27,4,3,3,3,3,2,"",2,1,emily,1,1,1,1,4,white-caucasian,male,3,4,no,4,15,1,2,3,30,10,1,5,3,14,4,1,1
1652910503094_tinli,34,1,1,1,1,1,1,no,6,0,emily,0,1,0,1,2,white-caucasian,female,1,2,no,6,23,9,5,1,400,300,2,5,1,68,6,1,0.5
1652910733996_1puuk,28,3,4,3,3,1,1,"",6,1,emily,1,1,1,1,2,prefer-not-to-say,male,3,3,yes,5,17,2,2,4,25,250,2,5,2,14,4.5,1,1
1652910748736_2tub9,34,3,2,3,2,2,2,"",6,0,emily,0,0,1,1,4,white-caucasian,female,1,3,no,4,15,7,7,5,143,74,2,3,2,13,4.66666666666667,1,0.5
1652910761747_2kgwd,28,4,3,3,4,2,2,no,1,1,june,1,1,1,1,3,black-african-american,female,3,3,no,2,12,3,5,1,2586,932,2,4,2,14,4,0,0.833333333333333
1652910816292_ln7bs,28,5,4,5,5,4,4,no,3,0,emily,1,1,1,1,3,other,female,3,3,no,2,0,4,3,5,200,200,1,4,3,29,2.5,1,0.833333333333333
1652910842045_6dhjx,24,3,2,3,3,3,2,"",6,1,june,0,1,1,1,1,white-caucasian,female,1,1,no,4,2,4,3,1,300,400,2,4,1,15,4.33333333333333,0,0.666666666666667
1652910892507_s7rvi,18,4,5,2,1,2,1,"",6,0,june,0,0,0,1,2,white-caucasian,male,2,4,no,1,11,4,3,4,25,60,1,5,3,12,4.5,0,0.166666666666667
1652910903028_kvb2g,23,2,2,3,3,3,3,"",6,1,june,1,1,1,1,2,white-caucasian,male,1,3,no,5,4,6,6,4,1200,1100,2,5,2,11,4.33333333333333,0,0.833333333333333
1652910937570_36he4,51,4,3,2,3,1,1,no,6,1,june,0,0,0,0,1,white-caucasian,male,1,1,no,4,14,0,1,5,50,120,2,5,1,20,4.66666666666667,0,0.166666666666667
1652911105205_92l3k,60,4,5,4,5,2,2,no,6,0,june,0,0,0,1,1,black-african-american,female,1,1,no,4,14,6,6,4,1000,50,2,5,1,32,3.33333333333333,0,0.166666666666667
1652911186405_dlpvo,37,6,6,6,6,6,6,nice study ,1,0,june,0,0,0,0,1,black-african-american,female,3,3,no,2,12,2,5,5,5000,5,2,5,3,14,1,0,0
1652911207279_zz7co,60,5,5,6,5,5,5,"None, thanks.",6,0,june,0,0,0,0,2,white-caucasian,female,3,4,no,5,16,2,7,1,10,5,0,1,2,16,1.83333333333333,0,0
1652911225630_2d92y,35,2,3,2,1,1,1,"",6,1,june,0,1,1,0,1,black-african-american,male,3,3,no,4,15,3,4,3,25,30,1,3,1,15,5.33333333333333,0,0.5
1652911329308_zoysq,24,4,4,3,5,3,3,No,6,1,emily,0,1,1,1,5,white-caucasian,male,3,4,no,2,13,3,4,1,16,140,1,5,2,16,3.33333333333333,1,0.833333333333333
1652911700844_nwdn5,24,3,1,2,3,2,1,No,6,1,emily,1,1,1,1,3,white-caucasian,male,1,1,no,5,20,3,5,1,300,500,1,5,2,9,5,1,1
1652911714830_261u5,35,4,3,2,4,1,1,NO,6,1,i don't know,1,1,0,0,4,asian,male,1,3,no,6,20,1,7,4,5,3,1,5,2,15,4.5,0,0.5
1652911734820_v3t3k,28,2,2,3,1,1,1,no,3,1,emily,0,1,1,1,3,white-caucasian,female,3,3,no,2,0,3,3,5,2,65,1,5,3,13,5.33333333333333,1,0.833333333333333
1652912130083_nhqb2,34,3,4,3,4,2,3,no,2,0,june,0,0,0,0,3,white-caucasian;black-african-american,male,1,3,no,4,14,5,7,4,100,2,1,4,4,6,3.83333333333333,0,0
1652912442874_7znr0,33,5,5,3,4,4,2,Nope!,1,1,emily,0,1,0,0,5,other,male,2,4,no,6,20,4,3,1,150,1,1,3,3,19,3.16666666666667,1,0.5
1652912696029_jqedq,38,6,6,4,6,4,1,No,6,1,emily,1,1,1,1,5,white-caucasian,male,2,4,no,4,4,8,5,5,0,0,1,4,3,10,2.5,1,1
1652912773635_qxlj9,21,1,1,1,1,1,1,"",6,1,emily,1,1,1,1,1,white-caucasian,trans-non-binary,4,3,no,4,3,0,3,5,25,500,2,5,1,12,6,1,1
1652912859774_f7sun,35,5,6,5,4,2,2,"",6,1,emily,1,1,1,1,3,white-caucasian,male,3,4,no,5,18,9,5,5,80,50,1,5,4,19,3,1,1
1652915852387_dmgxa,54,3,3,3,2,2,2,"",6,0,june,0,0,0,0,2,white-caucasian,female,1,1,no,4,16,3,3,5,79,464,2,4,1,19,4.5,0,0
1652917134182_wm0ng,65,4,4,4,3,2,2,"This was a good reminder of why I avoid """"news"""" and social media in general...",1,1,emily,1,1,1,1,4,white-caucasian,female,2,4,no,2,12,1,2,4,0,0,0,1,4,30,3.83333333333333,1,1
1653058698136_777ag,22,4,3,3,3,1,2,No,1,0,emily,1,0,1,1,5,white-caucasian,male,2,6,no,4,16,1,7,1,0,33,0,3,5,6,4.33333333333333,1,0.666666666666667
1653058701844_6mf6f,36,2,2,2,2,2,2,"",6,0,june,0,0,1,0,2,white-caucasian,female,1,2,no,5,4,1,6,1,300,600,1,5,2,8,5,0,0.166666666666667
1653058712144_bk9sd,56,4,4,4,3,3,4,"",3,0,emily,0,0,0,1,1,asian,female,1,1,no,2,12,9,5,3,144,45,2,3,1,6,3.33333333333333,1,0.333333333333333
1653058763782_unr9z,26,4,1,1,1,1,1,"",6,0,june,1,1,1,1,1,white-caucasian,female,1,2,no,5,4.25,0,4,5,300,200,2,5,1,11,5.5,0,0.666666666666667
1653058774698_vryei,28,1,1,1,1,1,1,"I feel like the newsfeed was incredibly long, I do not scroll through newsfeeds that long. I'd recommend cutting it by half.",6,1,june,0,0,0,1,2,white-caucasian,male,1,2,no,2,15,1,2,5,0,5,1,2,2,19,6,0,0.333333333333333
1653058786142_r92wg,34,6,6,4,5,4,3,"",1,0,emily,0,0,0,1,4,white-caucasian,female,2,5,no,4,2,3,6,1,150,180,2,5,4,16,2.33333333333333,1,0.333333333333333
1653058788957_g0y88,29,3,1,2,3,3,1,That was a lot of tweets! really happy to be a part of this study and I hope my responses help! Be safe and thank you again,6,0,emily,0,0,0,0,3,white-caucasian,male,3,3,no,4,15,3,4,3,477,15,1,4,3,36,4.83333333333333,1,0.166666666666667
1653058827893_y9ly9,22,4,4,4,3,4,2,"",6,0,june,0,0,0,0,4,white-caucasian,male,3,4,no,4,12,1,8,4,750,1200,1,5,3,8,3.5,0,0
1653058841633_aasvb,43,2,2,2,3,2,2,No comments.  Thank you!,2,1,emily,1,1,1,1,4,white-caucasian,male,1,2,no,5,17,1,4,5,28,76,2,5,2,18,4.83333333333333,1,1
1653058878908_cz47q,33,1,1,1,1,1,1,"",6,1,emily,0,1,1,1,4,white-caucasian,male,3,3,no,4,1,0,3,1,0,0,0,1,1,13,6,1,0.833333333333333
1653058956851_6lcq3,40,3,3,2,3,3,2,No,6,0,emily,0,1,1,1,4,white-caucasian,male,3,4,no,6,18,1,7,5,550,400,2,5,2,17,4.33333333333333,1,0.666666666666667
1653058994802_uu4ny,36,4,3,3,2,2,1,"",3,0,june,0,0,0,1,4,white-caucasian,male,2,5,no,5,4,7,5,4,216,50,2,5,4,15,4.5,0,0.166666666666667
1653059009088_nnzgf,25,2,2,3,2,2,2,no,6,1,emily,0,0,1,0,4,white-caucasian;asian,male,3,4,no,5,16,1,7,1,1000,1000,1,4,2,8,4.83333333333333,1,0.5
1653059023120_l2ukt,30,3,6,5,3,3,2,No.,6,1,emily,0,0,1,1,1,black-african-american,female,1,2,no,5,17,4,4,5,14092,2042,2,5,1,14,3.33333333333333,1,0.666666666666667
1653059027181_uw94w,31,3,3,3,5,4,4,"",1,1,june,0,1,1,0,4,black-african-american,female,3,4,no,2,5,0,3,1,0,18,2,4,4,14,3.33333333333333,0,0.5
1653059092459_tf83p,53,4,2,3,2,2,2,no none thanks.,1,0,emily,0,1,1,1,5,white-caucasian,female,2,5,no,4,20,3,5,5,800,100,2,5,3,47,4.5,1,0.666666666666667
1653059248806_glicp,28,3,4,1,1,2,1,"Yes, you shouldnt ask what side someone leans to because I am neither dem or repub and that can used for data that is biased and false to say the least ",1,1,emily,1,0,0,1,3,black-african-american,male,4,4,no,5,18,5,2,1,10000,6000,1,5,3,11,5,1,0.666666666666667
1653059491671_hatr8,42,2,4,2,2,1,2,no,6,1,emily,0,1,0,1,3,white-caucasian,female,1,3,no,6,6,3,3,2,0,0,2,4,1,15,4.83333333333333,1,0.666666666666667
1653059505078_xe3sm,43,1,1,2,1,1,1,nope,6,1,emily,1,0,1,1,1,white-caucasian,female,1,1,no,4,14,5,4,5,400,600,2,5,1,15,5.83333333333333,1,0.833333333333333
1653059530997_hamc6,27,1,2,4,4,2,2,"",6,1,emily,1,1,1,1,2,white-caucasian,male,1,3,no,6,18,7,4,4,200,300,1,4,3,8,4.5,1,1
1653059645734_eyjpb,28,4,4,5,5,2,2,<3,6,0,emily,1,1,0,1,1,white-caucasian,male,1,2,no,5,18,0,3,4,30,3,2,5,1,17,3.33333333333333,1,0.666666666666667
1653059749864_gky6a,28,2,2,2,3,3,2,none,6,0,june,0,0,0,0,1,asian,female,1,1,no,5,4,9,7,5,3700,2,2,5,1,7,4.66666666666667,0,0
1653059764677_g457o,31,4,3,2,3,2,1,"",6,1,june,0,0,0,0,3,white-caucasian,female,1,2,no,6,19,4,7,5,426,309,2,5,2,12,4.5,0,0.166666666666667
1653059779250_ps4lh,45,2,2,1,2,1,1,Great study!,6,1,emily,1,1,1,1,4,white-caucasian,male,2,4,no,5,20,5,4,1,403,211,1,2,4,29,5.5,1,1
1653059814362_i9zok,31,2,1,2,2,1,1,"",1,0,possibly june,1,0,0,1,2,white-caucasian,female,4,3,no,5,6,4,3,5,350,2,2,5,2,30,5.5,0,0.333333333333333
1653059838532_l7ugh,30,5,2,1,5,2,1,no,6,1,june,0,0,0,1,2,black-african-american,male,3,3,no,4,14,3,6,4,23,59,2,5,2,14,4.33333333333333,0,0.333333333333333
1653059981552_epp54,50,2,2,2,1,1,2,"",3,0,june,0,0,0,0,3,black-african-american,female,3,4,no,4,20,1,4,2,200,500,2,5,3,20,5.33333333333333,0,0
1653060320032_xxuvz,38,3,3,3,2,2,2,None,3,0,june,0,0,1,0,3,white-caucasian,male,3,4,no,4,2,7,6,3,0,0,0,1,2,12,4.5,0,0.166666666666667
1653060340444_hjv7v,33,5,3,3,4,4,3,no,6,0,june,0,0,0,0,2,"",female,1,1,no,4,2,,4,2,300,100,2,4,2,16,3.33333333333333,0,0
1653060370152_6hkrp,29,5,5,5,5,5,5,"",6,0,june,0,0,0,0,3,asian,male,1,3,no,4,1,6,6,4,314,260,2,5,3,11,2,0,0
1653060498976_sca23,24,4,5,4,5,4,4,no.,4,0,june,0,0,0,0,3,black-african-american,male,3,4,no,2,13,0,1,5,13,8,2,3,3,20,2.66666666666667,0,0
1653060614772_gab42,28,3,3,2,3,3,3,I hope that my answers will be of some help to you!,5,0,emily,1,1,1,1,1,white-caucasian,female,1,1,no,2,13,2,3,5,116,54,2,3,1,15,4.16666666666667,1,0.833333333333333
1653060704864_ljej1,55,5,3,2,3,3,1,No,1,0,emily,0,0,1,1,4,white-caucasian,female,2,5,no,5,8,6,5,5,50,3,1,5,4,18,4.16666666666667,1,0.5
1653060869132_1ud4e,29,6,6,6,6,5,4,"",1,0,emily,0,0,1,1,3,white-caucasian,female,3,4,no,6,22,6,5,1,500,500,2,5,3,21,1.5,1,0.5
1653060898883_ybeop,33,5,4,2,4,2,2,No,6,0,emily,0,0,1,1,4,white-caucasian,female,3,4,no,4,2,9,6,1,350,400,1,5,3,13,3.83333333333333,1,0.5
1653060899172_wodo6,29,3,3,3,3,3,3,"",6,1,june,0,1,0,0,2,asian,male,1,3,no,5,16,7,2,2,10,30,1,4,2,10,4,0,0.333333333333333
1653061018955_tayrp,45,2,2,2,2,2,2,no,6,1,emily,0,1,1,1,2,white-caucasian,female,1,3,no,4,2,1,6,5,100,40,1,5,3,25,5,1,0.833333333333333
1653061087712_647b1,33,1,1,1,1,1,1,"",6,1,emily,0,0,1,1,2,white-caucasian,female,1,2,no,4,3,6,3,1,184,157,1,5,2,19,6,1,0.666666666666667
1653061215034_67566,34,3,1,4,2,3,1,"",6,1,june,0,0,1,0,3,white-caucasian,female,3,4,no,3,15,4,5,2,4000,2000,1,5,3,11,4.66666666666667,0,0.333333333333333
1653061230226_7kekk,32,6,3,2,5,2,3,no,6,0,emily,0,0,0,1,5,white-caucasian,female,3,4,no,4,4,4,9,5,12870,200,2,5,2,11,3.5,1,0.333333333333333
1653061260894_c77bd,19,5,5,5,5,5,5,"Nope, thanks!",6,0,emily,0,1,0,1,3,white-caucasian,male,3,3,no,2,12,1,6,1,40,40,1,2,3,6,2,1,0.5
1653061410005_3gk6c,22,3,4,4,3,3,3,"",6,0,june,0,0,0,1,5,white-caucasian,female,3,4,no,5,17,8,5,3,2000,700,1,5,4,12,3.66666666666667,0,0.166666666666667
1653061489434_cin1n,55,5,5,3,5,4,3,no,6,0,emily,0,0,0,1,2,white-caucasian,female,1,2,no,4,2,1,4,2,1,2,1,4,2,31,2.83333333333333,1,0.333333333333333
1653061560459_fqe3j,44,5,5,5,5,4,3,no,1,1,emily,0,1,1,0,3,white-caucasian,female,3,4,no,4,3,4,3,3,322,1473,2,5,3,25,2.5,1,0.666666666666667
1653061860720_nh4cp,27,3,3,2,3,2,1,"",6,0,emily,0,0,1,1,1,white-caucasian,female,1,2,no,6,18,8,4,4,850,850,2,5,1,11,4.66666666666667,1,0.5
1653061981238_qunfj,57,5,4,3,4,2,3,Thanks for study and there was a LOT of post to scroll through!!,1,0,june,0,0,1,0,3,white-caucasian,female,3,4,yes,5,18,6,5,5,357,200,2,5,3,22,3.5,0,0.166666666666667
1653062005559_od6jw,29,4,2,1,1,1,1,no thanks,2,0,emily,0,0,0,1,3,white-caucasian,female,3,1,no,3,2,1,4,5,2500,1877,2,5,1,11,5.33333333333333,1,0.333333333333333
1653062029852_8jzvt,28,3,3,2,1,1,1,"",6,1,emily,0,1,1,1,2,white-caucasian,female,1,2,no,5,16,3,2,4,10,30,2,4,2,12,5.16666666666667,1,0.833333333333333
1653062041823_hj1cl,49,4,3,3,3,3,3,no,6,0,emily,0,1,1,0,4,asian,male,2,4,no,4,16,2,6,4,200,80,2,5,2,17,3.83333333333333,1,0.5
1653062117943_jg6y3,18,3,3,2,3,2,2,"",6,0,emily,1,1,1,1,1,white-caucasian,male,1,2,no,2,14,1,6,4,103,181,1,5,1,16,4.5,1,0.833333333333333
1653062126903_k05zo,66,2,2,2,1,1,1,Very interesting. Thank you.,6,0,emily,0,1,0,1,2,white-caucasian,female,1,1,no,5,16,1,6,5,413,827,2,5,2,20,5.5,1,0.5
1653062431620_hmdhi,24,2,2,2,2,2,1,The word play question on printers does not mention if 10 printers print 10 pages total or 10 printers print 10 pages each.,6,1,emily,0,1,1,1,1,white-caucasian,male,1,3,no,2,12,1,3,5,150,150,1,3,2,20,5.16666666666667,1,0.833333333333333
1653062490527_olp76,49,2,2,2,2,2,2,no,6,1,emily,0,1,1,1,1,white-caucasian,male,1,1,no,4,25,1,7,1,0,0,1,5,1,7,5,1,0.833333333333333
1653062660536_840w8,21,5,3,5,5,4,5,thanks great pay also,1,0,june,0,0,1,0,3,other,male,1,3,no,2,12,1,3,3,500,1,2,5,3,14,2.5,0,0.166666666666667
1653062919216_opvfj,39,4,4,3,4,3,4,N/A,6,1,june,0,0,0,1,4,asian,female,1,3,no,5,16,1,6,5,70,70,2,5,3,36,3.33333333333333,0,0.333333333333333
1653063038412_oziyo,30,6,4,4,6,5,3,no,2,0,june,0,0,0,0,4,white-caucasian,female,1,3,no,4,2,9,5,1,200,500,1,5,4,12,2.33333333333333,0,0
1653063609947_eey80,32,4,4,6,6,3,4,No,6,0,emily,0,1,1,1,3,white-caucasian,female,1,3,no,5,4,1,6,4,400,700,1,5,4,10,2.5,1,0.666666666666667
1653063862236_i7wek,46,1,1,1,1,1,1,No,6,1,emily,0,1,1,1,1,white-caucasian,male,1,1,no,3,17,0,2,5,300,500,1,5,1,17,6,1,0.833333333333333
1653064099716_v42ch,40,1,1,1,1,1,1,none,1,0,emily,0,1,0,0,5,white-caucasian,male,4,4,no,4,14,7,7,3,1000,100,2,4,3,12,6,1,0.333333333333333
1653064268900_lz9ct,43,4,3,3,3,3,3,no,6,1,june,0,0,0,1,4,white-caucasian,male,3,4,no,4,16,9,6,4,150,75,1,5,3,22,3.83333333333333,0,0.333333333333333
1653064326250_ob0i0,30,2,2,3,1,1,1,"",6,1,june,1,1,1,1,2,white-caucasian,female,3,3,no,4,4,4,4,5,50,150,1,4,1,18,5.33333333333333,0,0.833333333333333
1653064729086_gjz5e,39,4,4,4,3,3,2,"",6,1,emily,0,1,1,1,2,white-caucasian,male,1,1,no,6,25,1,7,4,160,30,2,4,2,12,3.66666666666667,1,0.833333333333333
1653064791110_25epr,30,5,5,4,3,5,2,"",6,0,emily,0,0,0,0,3,other,female,4,3,no,5,16,4,6,4,214,766,1,5,3,19,3,1,0.166666666666667
1653064863783_6mkhv,25,4,2,5,4,5,5,"",6,0,emily,0,0,1,1,5,white-caucasian,male,2,4,no,5,4,4,7,3,1200,100,2,4,3,10,2.83333333333333,1,0.5
1653065056839_176cu,22,4,5,2,4,4,1,n/a,6,0,emily,0,0,0,1,1,black-african-american,male,4,3,no,4,15,3,1,4,60,1000,2,5,1,18,3.66666666666667,1,0.333333333333333
1653065211515_1ibfd,40,4,4,2,3,2,2,"none, thanks",6,1,emily,1,1,1,1,1,white-caucasian,male,3,3,no,6,21,9,5,1,500,1000,2,5,1,16,4.16666666666667,1,1
1653065236336_bd1xw,25,2,3,3,3,3,1,"None, I hope my answers were helpful!",6,1,emily,1,1,1,0,3,asian,female,1,3,no,5,16,2,4,5,1208,155,2,5,2,19,4.5,1,0.833333333333333
1653065562281_arrob,28,4,3,3,5,3,2,N/A,1,0,emily,0,0,0,0,3,white-caucasian,female,3,4,no,4,2,7,4,5,0,0,1,4,3,11,3.66666666666667,1,0.166666666666667
1653065566688_mzw3c,68,4,3,3,2,2,3,no,6,0,june,0,1,1,1,4,white-caucasian,female,2,4,no,5,16,8,7,1,0,0,0,1,4,25,4.16666666666667,0,0.5
1653065677467_ejw9v,56,4,4,4,4,4,4,None,6,1,june,0,0,1,1,4,white-caucasian,female,2,4,no,4,14,3,5,4,5,5,2,5,4,21,3,0,0.5
1653065774561_a8qpf,43,1,1,1,1,1,1,no,6,0,emily,0,1,1,1,4,white-caucasian,female,2,4,no,4,14,1,5,4,130,115,1,5,5,11,6,1,0.666666666666667
1653065844736_5x7gn,37,1,1,1,1,1,1,Easy to understand and I had no technical issues. Thank you and good luck with your research!,6,1,june,0,1,0,1,1,white-caucasian,trans-non-binary,4,3,no,5,16,2,2,5,93,1000,2,5,1,20,6,0,0.5
1653065864585_sz0vh,20,4,2,6,4,3,2,"",6,0,emily,0,0,0,1,3,black-african-american,male,3,4,no,2,12,1,6,5,100,80,1,5,3,5,3.5,1,0.333333333333333
1653065948421_78u13,29,5,2,6,5,3,2,N/A,1,0,emily,0,1,1,0,5,white-caucasian,male,2,6,no,5,16,8,6,4,1200,1000,1,5,5,26,3.16666666666667,1,0.5
1653066058315_pw4nx,31,3,3,2,2,2,2,No,6,1,emily,0,1,1,1,1,other,female,4,3,no,6,10,4,3,2,800,475,2,5,1,10,4.66666666666667,1,0.833333333333333
1653066121758_v22gk,39,5,5,4,4,2,2,None,3,1,emily,0,1,1,1,3,white-caucasian,female,1,3,no,6,12,4,5,1,150,75,2,5,3,21,3.33333333333333,1,0.833333333333333
1653066170339_8jixo,26,3,3,2,3,3,2,NO,6,0,june,0,0,0,0,2,black-african-american,female,3,2,no,5,16,6,7,5,6000,1200,2,5,2,5,4.33333333333333,0,0
1653066184875_p3hcw,37,3,1,2,1,1,1,no,6,1,emily,0,1,1,1,4,white-caucasian;black-african-american,male,1,3,no,5,17,8,5,5,300,650,2,5,1,29,5.5,1,0.833333333333333
1653066329389_sw6e2,31,5,4,3,5,3,3,no,1,0,emily,0,0,0,0,1,black-african-american,female,1,1,no,4,4,1,3,4,1000,200,2,5,1,15,3.16666666666667,1,0.166666666666667
1653066404661_tq0ad,22,3,2,2,2,2,2,no,6,0,emily,0,0,1,0,3,white-caucasian,female,1,2,no,5,16,1,4,5,200,1000,2,5,2,10,4.83333333333333,1,0.333333333333333
1653066508437_2xsph,21,4,4,6,4,5,5,No,6,1,emily,0,1,1,0,1,white-caucasian,male,1,2,no,5,4,8,4,4,786,832,2,5,1,8,2.33333333333333,1,0.666666666666667
1653066621026_635f0,29,4,4,5,5,3,2,"This was a good study, I liked reading all of the headlines. ",6,1,emily,1,1,1,0,2,white-caucasian,trans-male,3,4,no,4,14,1,5,4,15,2,1,5,2,12,3.16666666666667,1,0.833333333333333
1653066622604_f8zt8,38,5,4,4,5,3,2,No,2,0,emily,1,1,0,1,4,white-caucasian,female,2,5,no,2,13,4,3,4,200,1,1,5,4,16,3.16666666666667,1,0.666666666666667
1653066821455_0javt,50,4,4,2,4,3,2,"",6,0,emily,0,1,1,1,5,white-caucasian,male,2,6,no,4,14,1,3,2,500,1,2,4,4,16,3.83333333333333,1,0.666666666666667
1653066943851_x9hbx,35,4,3,2,4,5,4,"",6,0,emily,0,0,1,0,3,black-african-american,male,1,2,no,2,4,2,7,4,200,3,1,3,3,5,3.33333333333333,1,0.333333333333333
1653067326177_nwifo,44,2,2,6,1,1,6,"I am leaning republican, even being more liberal, but that is a result of extreme democratic policy swings and suspected malice towards US citizens.",2,1,june,0,0,0,0,2,white-caucasian;other,male,3,4,no,4,14,1,3,5,350,500,2,4,3,30,4,0,0.166666666666667
1653067326335_t5rpn,33,3,4,5,4,2,2,"",6,0,emily,0,0,1,1,2,white-caucasian,female,3,3,no,2,14,2,4,5,1000,100,2,5,2,16,3.66666666666667,1,0.5
1653067453645_gh45j,33,2,1,2,2,1,1,"",6,1,emily,1,1,1,1,2,asian,female,1,2,no,6,19,8,5,1,68,50,1,2,1,6,5.5,1,1
1653067655731_3b0m8,20,1,1,2,1,1,1,"No, thanks and good luck with your research!",6,1,emily,1,1,1,1,1,white-caucasian,female,1,1,no,4,14,1,6,5,322,632,2,5,1,17,5.83333333333333,1,1
1653067657131_r2qxd,61,4,3,3,4,4,3,no,6,0,emily,1,1,1,1,5,white-caucasian,male,2,6,no,5,18,4,5,5,550,35,1,5,5,30,3.5,1,0.833333333333333
1653067731504_32h4z,68,6,6,6,6,6,6,"You force me to choose between democrats and republicans, liberals and conservative.  You need to allow """"none of the above.""""  ",6,1,june,0,1,0,1,1,white-caucasian,male,4,3,no,6,20,5,7,3,20,40,2,5,1,21,1,0,0.5
1653067932921_4hdhh,28,1,1,6,1,1,1,"My internet is really slow right now so a lot of the images didn't load. I did try and do my best though, I waited a while.",1,0,june,0,0,0,0,5,black-african-american,male,4,6,no,4,14,0,1,3,0,30,2,5,4,9,5.16666666666667,0,0
1653067963432_0o555,37,4,3,3,2,2,2,"why no option to """"read now"""" on the social feed?",6,0,emily,1,1,1,1,3,white-caucasian,male,3,3,no,3,16,2,2,4,515,20,2,5,2,21,4.33333333333333,1,0.833333333333333
1653068293962_2g6se,25,3,2,3,2,3,3,no,6,1,emily,1,1,1,1,2,white-caucasian,female,1,3,no,4,3,3,6,4,468,450,1,5,2,10,4.33333333333333,1,1
1653068301192_1uk6e,26,5,5,4,4,2,2,None,6,0,emily,0,0,0,1,3,white-caucasian,female,3,3,no,4,14,6,3,5,296,257,2,4,2,15,3.33333333333333,1,0.333333333333333
1653068338639_gi4sv,47,5,4,4,5,4,2,no,6,0,emily,0,1,0,1,5,white-caucasian,female,3,5,no,5,16,8,4,5,300,2,2,3,3,24,3,1,0.5
1653068567528_9p83n,63,5,2,2,1,1,2,Good study!,6,0,june,0,0,1,0,2,black-african-american,female,1,2,no,3,15,0,3,4,7,5,2,5,1,12,4.83333333333333,0,0.166666666666667
1653068570209_083k5,38,3,3,4,3,3,4,no,2,0,june,1,1,0,0,2,american-indian-alaska-native,female,3,2,no,4,15,6,6,5,100,5,2,4,2,10,3.66666666666667,0,0.333333333333333
1653068809449_txq47,31,6,6,6,6,6,6,"",6,0,emily,0,0,1,1,3,asian,male,1,3,no,5,8,3,6,3,2473,5844,1,5,3,19,1,1,0.5
1653069110966_23amy,24,4,4,4,4,3,3,"",6,0,june,0,0,0,0,2,white-caucasian,female,1,2,no,6,18,1,5,3,1000,300,1,4,1,6,3.33333333333333,0,0
1653069237602_0jope,43,2,2,2,2,2,2,no thank you,6,0,june,0,1,0,1,5,white-caucasian,male,3,4,no,5,17,8,7,5,300,0,2,5,3,18,5,0,0.333333333333333
1653069372123_vm3jv,46,2,3,4,3,2,2,"",6,1,emily,0,0,0,1,3,black-african-american,male,1,3,no,6,20,1,7,1,150,3,1,2,2,17,4.33333333333333,1,0.5
1653069457136_cubx8,57,4,2,5,2,2,2,none,1,1,june,1,1,1,1,4,white-caucasian,male,2,5,no,4,2,4,5,5,50,75,1,2,4,20,4.16666666666667,0,0.833333333333333
1653069674223_tne03,35,4,4,4,4,3,3,"",1,0,june,1,1,1,1,4,white-caucasian,male,2,4,no,5,16,1,6,1,500,500,1,5,3,20,3.33333333333333,0,0.666666666666667
1653069678349_myqa5,48,4,3,3,3,2,2,Thank you!,1,0,emily,0,0,0,1,3,white-caucasian,female,3,4,no,6,19,1,7,1,200,500,1,5,3,19,4.16666666666667,1,0.333333333333333
1653069837219_4ojrt,35,1,1,2,1,1,1,"",6,1,emily,1,1,1,1,1,white-caucasian,male,1,1,no,6,22,6,7,5,210,600,2,5,1,14,5.83333333333333,1,1
1653069848227_keol6,30,4,4,2,4,2,4,No,6,0,emily,0,0,0,1,4,white-caucasian,female,2,5,no,5,16,6,6,5,50,215,1,5,4,14,3.66666666666667,1,0.333333333333333
1653069997167_bwb2l,42,2,2,2,1,1,1,"",6,1,emily,0,1,1,1,5,white-caucasian,male,4,3,no,4,16,4,4,5,225,200,2,5,1,11,5.5,1,0.833333333333333
1653070235449_68yar,55,6,6,4,4,3,2,"",6,0,emily,0,0,0,1,5,white-caucasian,female,2,5,no,2,18,1,5,5,3300,1700,1,5,5,15,2.83333333333333,1,0.333333333333333
1653070497421_ity3c,19,4,3,2,1,1,1,no,6,0,emily,1,1,1,1,1,white-caucasian,trans-non-binary,1,1,no,4,14,7,7,5,88,94,2,5,1,30,5,1,0.833333333333333
1653070549847_8mtk7,27,5,5,4,4,2,2,"",1,0,emily,0,0,1,1,3,white-caucasian,male,2,4,no,4,12,5,4,4,150,200,2,5,4,18,3.33333333333333,1,0.5
1653070566316_9xx1j,38,4,3,5,4,5,2,no,6,1,emily,0,1,1,1,2,white-caucasian,female,3,3,yes,5,17,8,6,1,1100,1700,1,5,2,7,3.16666666666667,1,0.833333333333333
1653070787241_2vnub,33,4,4,5,4,2,1,"",1,0,emily,0,0,0,0,5,prefer-not-to-say,female,3,4,no,5,4,2,3,4,0,0,2,3,5,14,3.66666666666667,1,0.166666666666667
1653070916244_2rb0r,38,4,5,3,4,3,4,"",6,0,emily,0,0,1,1,3,white-caucasian,female,3,3,no,5,4,8,6,5,800,600,1,5,2,6,3.16666666666667,1,0.5
1653070928451_7zr2g,19,4,2,1,1,1,1,"",6,1,emily,1,1,1,1,2,asian,female,1,1,no,2,13,1,8,4,157,1305,2,5,1,11,5.33333333333333,1,1
1653071068571_tldu2,25,3,3,5,4,5,4,"",6,1,emily,1,1,1,0,3,white-caucasian,female,1,2,no,5,16,5,5,3,20,1,2,5,3,24,3,1,0.833333333333333
1653071151786_54c65,24,3,2,6,2,2,2,no,6,0,emily,0,0,0,0,1,asian,female,1,1,no,6,6,5,5,5,700,800,1,5,1,9,4.16666666666667,1,0.166666666666667
1653072266769_9om6z,38,2,1,2,2,1,1,no,6,1,emily,1,1,1,1,4,white-caucasian,male,3,3,no,5,20,6,6,4,300,500,2,5,2,10,5.5,1,1
1653072289849_71f71,46,5,5,5,4,2,2,No,1,1,emily,0,0,1,1,3,white-caucasian,female,3,4,no,4,13.5,4,3,5,50,150,2,5,3,13,3.16666666666667,1,0.666666666666667
1653072519522_iujag,24,5,4,5,4,4,4,"",3,0,emily,0,0,0,1,3,black-african-american,female,1,2,yes,2,4,2,5,3,1000,500,2,5,3,4,2.66666666666667,1,0.333333333333333
1653072638039_j7fcx,19,5,5,4,3,4,3,No,6,0,emily,1,0,1,0,4,white-caucasian,male,3,4,no,2,14,1,7,5,800,750,1,5,4,13,3,1,0.5
1653072662068_h6j67,45,4,3,5,4,3,3,NA,6,0,june,0,1,1,1,5,white-caucasian,male,2,6,no,5,17,1,5,5,1200,10,2,5,5,21,3.33333333333333,0,0.5
1653072683530_krh92,47,6,6,6,6,4,1,na,1,0,emily,0,0,1,1,5,white-caucasian,female,2,6,no,4,16,3,7,2,356,10,2,4,5,20,2.16666666666667,1,0.5
1653072803706_1tsod,68,5,4,5,3,2,2,"",2,0,june,0,0,0,0,5,white-caucasian,female,2,5,no,4,14,2,4,4,1,1,2,4,5,21,3.5,0,0
1653072854353_nrgyz,42,6,6,5,6,4,5,No,6,0,emily,0,0,0,1,5,white-caucasian,female,3,4,no,5,16,5,6,5,25,100,1,5,5,14,1.66666666666667,1,0.333333333333333
1653073046076_fb0a3,38,3,4,3,3,3,2,no,3,1,emily,0,1,0,1,4,white-caucasian,male,3,4,no,2,12,5,3,5,400,150,1,5,3,17,4,1,0.666666666666667
1653073240184_hflxc,40,5,3,5,5,2,1,"",1,0,emily,0,0,1,1,4,white-caucasian,female,3,4,no,5,16,1,5,5,20000,5000,2,5,3,14,3.5,1,0.5
1653074168477_4djwd,33,1,1,1,1,1,1,"",3,0,emily,0,1,1,1,2,white-caucasian,female,3,3,no,4,15,3,3,5,1200,506,2,5,2,20,6,1,0.666666666666667
1653074253509_dyup2,34,2,2,2,1,5,1,"",6,1,emily,1,1,1,1,3,white-caucasian,male,1,3,no,4,15,4,4,2,80,72,2,4,2,8,4.83333333333333,1,1
1653074298795_tq18y,60,3,2,2,3,2,2,no,6,1,june,1,1,0,0,3,asian,male,4,3,yes,5,16,5,5,3,50,1,1,4,3,14,4.66666666666667,0,0.5
1653074642010_onmyb,29,3,2,3,2,3,3,Thanks,6,0,emily,0,1,0,0,2,white-caucasian,female,1,2,no,6,20,9,8,4,300,1400,2,4,2,11,4.33333333333333,1,0.333333333333333
1653074691197_8r0jg,30,4,4,4,3,4,3,"",6,1,june,0,0,1,1,2,white-caucasian,female,1,2,no,5,18,5,4,5,3000,1000,2,5,1,10,3.33333333333333,0,0.5
1653075311256_2pp88,20,2,2,2,2,2,1,"The word problems were a bit weird. I'm assuming they were an attention check, but as someone who's never been good at word problems. I hope getting them wrong doesn't cause any problems.",6,0,emily,0,0,1,1,1,white-caucasian,female,1,1,no,2,12,2,4,5,193,822,1,5,1,16,5.16666666666667,1,0.5
1653075414270_mjsxj,38,3,2,2,1,2,2,No,6,0,emily,0,0,0,1,3,white-caucasian,female,1,3,no,6,19,6,4,1,400,2,1,5,3,9,5,1,0.333333333333333
1653075567849_iysnd,56,5,2,4,5,2,2,no,6,0,emily,0,1,1,1,5,white-caucasian,female,2,5,no,4,2.5,1,7,4,180,180,1,5,4,21,3.66666666666667,1,0.666666666666667
1653075856902_bqyv1,40,4,2,2,3,1,1,no,6,1,emily,0,0,0,1,4,white-caucasian,female,1,3,no,4,15,1,6,5,0,0,0,1,2,20,4.83333333333333,1,0.5
1653075874971_vvq67,52,2,2,2,2,1,1,No,6,1,emily,1,1,1,1,4,white-caucasian,female,3,4,no,6,18,7,7,5,0,0,0,1,2,15,5.33333333333333,1,1
1653076007896_u0rh0,55,3,3,4,3,3,1,no,6,1,june,0,0,1,1,4,white-caucasian,male,3,4,no,5,4,8,6,5,50,10,2,2,4,15,4.16666666666667,0,0.5
1653076225370_6cy56,34,4,4,3,4,3,3,none,1,1,june,0,0,0,0,4,white-caucasian,male,2,5,no,5,17,5,5,1,0,0,1,5,4,17,3.5,0,0.166666666666667
1653076500521_e6x22,39,2,1,2,3,3,1,no,6,0,emily,0,0,0,1,3,white-caucasian,female,1,1,no,5,16,8,5,1,0,0,0,1,1,12,5,1,0.333333333333333
1653076544140_zp526,35,4,4,3,3,3,2,No,6,1,emily,0,1,1,1,5,white-caucasian,male,3,4,no,5,17,1,7,4,100,200,2,5,2,7,3.83333333333333,1,0.833333333333333
1653076764370_3tvqx,36,2,2,3,1,1,1,"",3,0,emily,0,1,1,1,1,white-caucasian,male,1,1,no,2,13,2,2,5,10,15,2,5,1,19,5.33333333333333,1,0.666666666666667
1653076776315_v4iw1,24,5,4,4,4,3,3,"",3,1,emily,0,0,1,1,2,white-caucasian,female,3,2,no,2,12,2,4,5,584,196,1,5,2,24,3.16666666666667,1,0.666666666666667
1653076799193_vjcuf,46,4,2,2,3,2,1,No,2,0,emily,1,1,0,1,5,native-hawaiian-pacific-islander,male,3,4,no,4,2,0,2,5,800,50,1,5,3,13,4.66666666666667,1,0.666666666666667
1653076802584_2cfyi,33,4,4,3,4,4,4,"",6,0,emily,0,0,0,1,5,white-caucasian,female,2,4,no,4,16,9,3,1,0,0,0,1,4,8,3.16666666666667,1,0.333333333333333
1653076859144_69llu,31,2,2,2,2,1,2,nope!,6,1,emily,1,1,0,1,3,white-caucasian;asian,male,1,3,no,6,10,9,7,1,1200,1500,2,2,1,7,5.16666666666667,1,0.833333333333333
1653077268605_edwa3,33,2,2,2,2,2,2,no,6,0,emily,0,1,0,1,2,white-caucasian,female,1,2,no,5,16,1,5,5,200,200,1,5,1,6,5,1,0.5
1653077322737_wv47n,43,5,4,2,3,2,1,"",6,1,june,0,0,0,0,4,white-caucasian,male,3,3,no,2,14,7,6,5,1500,100,2,5,2,18,4.16666666666667,0,0.166666666666667
1653077326379_7s16l,21,3,2,2,3,1,3,"",6,1,emily,1,1,1,1,4,white-caucasian,male,3,4,no,4,16,9,6,5,773,1217,1,5,3,20,4.66666666666667,1,1
1653077735128_hyppz,28,4,4,3,3,3,3,n/a,3,0,emily,0,0,0,1,2,white-caucasian,male,2,5,no,4,14,5,7,5,800,1400,1,5,4,18,3.66666666666667,1,0.333333333333333
1653078427543_nngmi,42,5,2,2,4,1,1,None,6,0,june,0,0,0,0,3,white-caucasian,male,3,3,no,2,0,3,3,5,0,0,1,5,2,18,4.5,0,0
1653078492067_3r0yu,27,3,2,2,2,1,1,No.,6,0,emily,1,1,1,1,3,white-caucasian,female,3,3,no,3,5,3,5,1,86,230,1,4,3,12,5.16666666666667,1,0.833333333333333
1653078851089_6h67n,21,5,5,4,5,4,4,"",2,0,emily,0,0,0,0,2,white-caucasian,female,3,3,no,4,3,1,6,4,2000,2000,1,5,3,8,2.5,1,0.166666666666667
1653079068120_5z2fp,58,1,1,1,1,1,1,The news is nothing but lies,1,1,emily,1,1,1,1,4,white-caucasian,male,3,4,no,4,20,3,7,5,10,5,1,5,2,19,6,1,1
1653079400591_fhsxy,49,5,5,6,5,5,5,No,3,0,june,0,0,0,0,3,white-caucasian,female,2,5,yes,4,2,0,4,5,250,3,2,5,4,18,1.83333333333333,0,0
1653079457776_6u6zf,41,2,1,2,2,2,1,"",6,0,june,0,0,0,0,1,white-caucasian,female,1,1,no,5,18,1,6,5,1500,6000,2,4,1,10,5.33333333333333,0,0
1653079923411_20jks,37,4,3,2,2,2,3,"",6,0,emily,0,0,1,0,2,white-caucasian,female,3,2,no,6,19,1,4,5,0,5,1,5,2,26,4.33333333333333,1,0.333333333333333
1653080563912_v8y9k,25,5,4,5,5,1,1,"",6,0,june,0,0,1,1,1,other,male,1,2,no,5,16,0,5,5,700,700,2,5,1,11,3.5,0,0.333333333333333
1653081332964_labb8,20,3,3,3,3,3,3,"",6,1,emily,1,0,1,1,2,asian,female,1,3,no,4,12.5,1,6,3,1500,700,2,5,2,6,4,1,0.833333333333333
1653081373748_vc62e,45,4,4,3,4,3,4,no,1,1,june,1,1,0,0,4,asian,male,3,4,no,5,25,1,3,1,10,6,2,4,3,19,3.33333333333333,0,0.5
1653081715108_w3l0w,40,2,2,2,2,2,2,"",1,0,june,1,1,0,1,3,white-caucasian,male,3,3,no,2,13,3,5,4,3678,978,2,5,3,12,5,0,0.5
1653081971466_ovot6,25,5,4,6,5,5,5,Nothing,6,1,emily,1,1,1,1,2,white-caucasian,male,1,2,no,5,16,5,8,5,50,20,2,5,2,15,2,1,1
1653081984016_3yp24,28,2,2,1,1,1,1,No,6,0,emily,1,1,1,1,2,white-caucasian,female,1,1,no,5,19,0,5,2,320,380,2,5,1,11,5.66666666666667,1,0.833333333333333
1653082007199_erdh0,39,5,5,5,5,3,3,no,6,0,june,0,0,0,0,5,white-caucasian,female,4,5,no,5,4,6,7,1,0,1,1,3,5,33,2.66666666666667,0,0
1653082354248_nmtuo,36,6,6,2,6,1,1,Had technical issues with my computer. I read carefully and answered honestly. ,1,0,emily,0,0,0,0,1,white-caucasian,female,3,3,no,4,14,5,5,5,10,20,1,5,1,79,3.33333333333333,1,0.166666666666667
1653082728760_r7vui,42,3,3,4,3,5,3,"",1,0,emily,0,1,0,1,4,white-caucasian,female,4,4,no,3,15,7,5,1,200,300,1,5,3,11,3.5,1,0.5
1653083674284_v68m4,20,1,2,3,1,1,2,"",6,0,emily,1,1,1,1,1,white-caucasian,female,4,1,no,4,16,6,4,5,978,1073,2,5,1,19,5.33333333333333,1,0.833333333333333
1653083748468_9sga5,34,4,2,4,2,2,2,"",6,0,june,0,1,0,0,3,white-caucasian,female,1,3,no,5,4,1,6,2,4,1,1,5,2,19,4.33333333333333,0,0.166666666666667
1653084118574_jm0xo,36,1,1,1,1,1,1,Nothing to add.,5,1,june,1,1,0,1,1,white-caucasian;american-indian-alaska-native,male,1,1,no,4,16,0,2,5,700,60,2,5,1,15,6,0,0.666666666666667
1653084330703_t8gwq,21,6,5,1,6,2,3,"",6,0,emily,0,0,0,0,1,white-caucasian,trans-male,4,2,no,4,3,9,3,1,100,30,1,5,1,12,3.16666666666667,1,0.166666666666667
1653084561079_3g5d4,73,2,2,3,2,2,2,no,6,1,june,0,0,1,1,3,white-caucasian,female,1,3,no,5,16,6,4,2,11,5,1,5,3,22,4.83333333333333,0,0.5
1653085158931_r29xn,26,6,3,2,5,4,2,"",6,0,emily,0,0,1,0,4,white-caucasian,male,3,3,yes,4,14,8,5,1,18,4,0,3,1,13,3.33333333333333,1,0.333333333333333
1653085522317_dzpip,60,4,5,4,3,2,3,"",1,0,emily,0,0,0,1,4,white-caucasian,female,3,4,no,2,0,5,5,1,0,0,2,5,4,14,3.5,1,0.333333333333333
1653085721159_2r0tp,36,2,2,3,2,2,2,No,6,1,emily,1,1,0,1,2,white-caucasian,male,1,2,no,6,10,9,2,5,4000,2000,2,5,2,18,4.83333333333333,1,0.833333333333333
1653086623758_k9h23,42,5,4,3,4,3,3,I do not.,6,1,emily,0,1,1,1,3,white-caucasian,female,4,3,yes,2,12,7,6,5,119,1,1,4,3,13,3.33333333333333,1,0.833333333333333
1653086723824_4djax,61,2,2,2,2,2,1,"",6,1,emily,1,1,1,1,4,white-caucasian,male,3,3,no,5,16,1,6,5,0,30,1,5,3,15,5.16666666666667,1,1
1653086994453_4ntz2,39,2,2,1,1,1,2,No.  Thank you.,6,0,emily,1,1,1,0,3,white-caucasian,male,1,3,no,3,2,1,6,5,200,12,1,5,1,12,5.5,1,0.666666666666667
1653087086064_u9r7b,55,5,2,3,5,2,1,Interesting study questions. ,3,0,may,1,0,1,1,3,white-caucasian,female,3,4,no,4,16,5,2,1,150,3549,1,5,4,20,4,0,0.5
1653087197668_gwdaf,34,4,4,4,4,3,3,no,2,0,emily,0,0,0,1,4,white-caucasian,female,2,4,no,3,14,3,3,5,1500,3000,2,5,2,19,3.33333333333333,1,0.333333333333333
1653087805530_7imll,23,2,2,2,3,3,2,n/a,3,0,emily,0,0,0,0,3,white-caucasian,trans-male,3,4,no,2,12,0,1,5,7000,4000,2,5,3,9,4.66666666666667,1,0.166666666666667
1653087972819_lwvv6,28,4,4,4,4,4,4,no,1,1,emily,0,1,0,0,2,white-caucasian,male,2,4,no,5,16,1,5,3,15,25,1,3,4,8,3,1,0.5
1653088029396_bc8a9,38,1,1,1,1,1,1,No,3,0,emily,0,0,0,0,2,white-caucasian,male,3,4,no,2,12,0,3,4,5,7,1,4,4,20,6,1,0.166666666666667
1653088131477_6ngrx,24,4,3,4,3,3,4,"",6,0,emily,0,1,1,1,2,white-caucasian;black-african-american,male,3,3,no,5,4,7,5,1,0,0,0,1,2,17,3.5,1,0.666666666666667
1653088409557_q3a98,35,3,3,3,3,3,3,no,6,1,emily,1,1,1,1,1,white-caucasian,female,1,3,no,5,17,4,3,5,10,6,2,2,3,49,4,1,1
1653088547962_tlkzw,28,6,3,3,5,4,2,No,6,0,june,0,0,1,1,2,asian,female,1,2,no,5,4,1,5,5,1000,500,1,5,2,18,3.16666666666667,0,0.333333333333333
1653089100577_336qk,39,3,3,3,2,3,3,"",6,0,emily,1,1,1,0,3,white-caucasian,female,1,1,no,4,16,4,5,2,295,34,2,5,3,19,4.16666666666667,1,0.666666666666667
1653089299845_h43rx,28,3,3,2,1,1,1,No,6,1,emily,0,1,0,1,1,white-caucasian,male,1,1,no,5,17,6,6,1,0,20,1,3,1,25,5.16666666666667,1,0.666666666666667
1653089312193_x1okw,19,5,4,4,3,3,3,Everything was clear and easy to follow. ,6,1,emily,1,1,1,1,3,other,male,1,3,no,4,14,9,7,5,1108,942,2,5,2,15,3.33333333333333,1,1
1653089326079_rm7d0,51,3,5,2,3,2,3,no,2,0,june,0,0,0,0,4,white-caucasian,female,2,4,no,4,15,7,4,4,1000,500,1,4,2,19,4,0,0
1653090087230_rt55r,45,4,4,4,2,2,2,None,1,0,june,0,0,0,0,5,white-caucasian,male,2,6,no,4,2,1,3,4,5,2,1,3,5,32,4,0,0
1653090212831_16kqf,37,4,3,3,4,2,2,"",1,0,emily,0,0,1,1,5,white-caucasian,female,2,5,no,4,12,2,3,3,150,1,2,5,5,13,4,1,0.5
1653090420162_nu165,39,3,3,3,2,2,2,no,6,0,emily,0,0,0,0,3,white-caucasian,female,1,3,no,6,18,1,7,1,400,300,2,5,2,11,4.5,1,0.166666666666667
1653090554071_lnwb2,62,4,4,3,3,3,2,"",6,0,june,0,0,0,1,3,white-caucasian,female,1,3,no,4,15,3,6,1,15,15,1,5,2,22,3.83333333333333,0,0.166666666666667
1653090632927_rfef6,29,4,4,3,2,2,2,no comments,2,0,june,0,0,0,1,2,black-african-american,female,1,3,no,4,15,5,4,4,216,445,2,4,2,32,4.16666666666667,0,0.166666666666667
1653090816197_qzn1x,25,3,3,3,4,4,3,"",6,0,emily,0,1,1,1,4,white-caucasian,female,2,4,yes,6,6,2,5,4,800,800,1,5,4,10,3.66666666666667,1,0.666666666666667
1653090924580_9de3e,42,1,1,1,1,1,1,no,6,1,june,1,1,0,0,3,white-caucasian,male,3,3,yes,4,13,2,3,5,150,50,2,5,4,14,6,0,0.5
1653090944212_86gat,33,4,3,1,2,1,2,No,6,0,emily,0,0,0,1,3,"",female,1,1,no,5,10,1,6,4,500,506,2,5,2,9,4.83333333333333,1,0.333333333333333
1653090986481_o65yk,37,5,4,5,5,4,3,"",2,0,emily,0,0,1,1,5,white-caucasian,female,2,5,no,4,14,1,4,5,450,200,2,5,5,38,2.66666666666667,1,0.5
1653091267625_0s4yj,49,2,2,3,1,1,1,nope,6,0,emily,0,0,0,1,4,white-caucasian,female,1,3,no,4,5,9,7,1,755,1200,2,5,2,9,5.33333333333333,1,0.333333333333333
1653092419006_xqmh4,27,2,2,2,2,2,2,That news feed was incredibly depressing/anxiety inducing.,6,1,emily,0,1,1,1,1,white-caucasian,female,1,1,no,4,14,2,2,5,0,1,1,5,1,9,5,1,0.833333333333333
1653092977304_qj1ks,22,4,3,3,3,3,2,n/a,6,1,emily,0,1,0,1,2,other,trans-male,1,1,no,5,3,2,4,4,1000,800,2,5,1,15,4,1,0.666666666666667
1653093062760_ijvg0,39,4,3,3,2,2,2,No,6,0,june,0,0,1,1,3,white-caucasian,male,3,3,no,6,9,9,5,4,500,500,1,4,3,19,4.33333333333333,0,0.333333333333333
1653093115542_d1q0u,26,5,5,4,5,4,4,Bo comments. Thank you ,1,0,emily,0,1,1,1,3,white-caucasian,female,3,3,no,2,12,0,1,4,1700,400,1,4,3,21,2.5,1,0.666666666666667
1653093118595_sp9j2,23,4,2,3,1,4,1,no,6,0,june,0,0,1,0,2,black-african-american,male,4,4,no,5,16,6,7,3,62,100,1,5,3,6,4.5,0,0.166666666666667
1653093149690_wztye,31,1,2,2,1,1,1,"",6,1,emily,0,1,1,1,2,white-caucasian,male,1,2,no,2,15,8,5,5,0,0,0,1,2,13,5.66666666666667,1,0.833333333333333
1653093181762_bxj3x,28,2,1,2,2,1,1,The news feed section is very long.,6,1,emily,1,1,1,1,4,asian,male,2,4,no,6,18,8,6,4,0,15,1,5,4,8,5.5,1,1
1653093221604_fk42z,41,6,6,6,6,5,2,"",6,1,emily,0,0,1,1,2,other,male,1,1,no,4,11,8,4,4,455,567,2,4,1,85,1.83333333333333,1,0.666666666666667
1653093462277_q5uy6,33,1,1,1,1,1,1,overall a great survey!,6,0,june,0,0,1,1,3,other,male,1,3,no,2,12,1,6,1,5000,1000,1,5,3,15,6,0,0.333333333333333
1653093902822_loowg,31,2,2,2,2,2,2,No,6,0,emily,0,1,0,1,3,white-caucasian,female,3,3,no,4,13,4,3,5,340,500,1,5,3,10,5,1,0.5
1653094206347_cqy48,37,3,3,4,1,2,2,No,4,0,emily,0,1,0,0,3,white-caucasian,female,2,4,no,4,6,4,3,5,300,300,1,5,3,16,4.5,1,0.333333333333333
1653094339427_cmx4d,46,3,2,2,1,1,1,no,6,1,emily,0,1,1,1,4,white-caucasian,female,2,4,no,5,17,4,5,5,4,10,1,5,4,20,5.33333333333333,1,0.833333333333333
1653094508211_v28x5,27,2,2,1,1,1,1,"",6,1,emily,1,1,1,1,1,white-caucasian,trans-male,1,1,no,4,15,0,3,5,1100,1500,2,5,1,15,5.66666666666667,1,1
1653095033369_81qb1,40,3,1,1,4,1,1,No comments,6,1,june,0,0,1,1,4,white-caucasian;black-african-american,female,1,3,no,5,4,1,7,5,800,2,2,5,1,12,5.16666666666667,0,0.5
1653095200266_6in8x,41,5,5,4,3,3,3,Please consider revising the question on how you lean politically. It offends me to be associated with Republicans or Democrats so I don't enjoy having to pick a side.,1,1,emily,1,1,1,1,3,white-caucasian,female,3,4,no,6,18,5,7,1,0,0,0,1,3,12,3.16666666666667,1,1
1653095317594_78pzt,27,4,4,4,4,5,3,no,6,0,june,0,0,0,0,1,asian,female,1,1,no,5,16,1,4,1,134,57,1,5,1,7,3,0,0
1653095723843_0dh8o,36,6,2,3,6,2,2,The reason why so many of the news articles were left blank isbecause i wouldn't have responded in any way to them. I hope that is understandable :) ,1,0,june,0,0,0,0,5,white-caucasian,female,3,5,no,5,18,6,5,5,450,1000,1,5,5,22,3.5,0,0
1653095960244_7a9v0,34,4,2,2,3,2,2,"",6,0,emily,0,0,0,1,1,white-caucasian,female,1,1,no,6,19,1,8,5,52,122,1,5,1,12,4.5,1,0.333333333333333
1653096275959_ocb7i,22,4,4,3,3,3,1,no,1,0,emily,0,0,0,0,5,prefer-not-to-say,female,2,5,no,5,16,8,5,1,408,7,1,4,5,19,4,1,0.166666666666667
1653096307079_vesoz,43,2,2,2,2,2,2,no comments,6,0,emily,0,0,0,1,2,white-caucasian,female,1,1,yes,5,17,3,3,5,200,250,2,4,1,25,5,1,0.333333333333333
1653096315547_2a7qn,26,1,2,3,2,1,1,"",2,0,emily,0,1,0,1,2,black-african-american,female,1,2,no,5,4.5,4,3,4,2250,1900,2,5,2,24,5.33333333333333,1,0.5
1653096395721_0fbt4,29,5,5,4,2,5,4,"",6,0,june,0,0,0,1,2,black-african-american,male,1,2,no,5,4,6,5,5,573,584,1,5,3,12,2.83333333333333,0,0.166666666666667
1653096994661_exuu9,24,2,2,1,1,1,1,"",6,1,june,0,1,0,0,1,white-caucasian,trans-non-binary,1,2,no,3,17,1,8,5,350,150,2,5,1,17,5.66666666666667,0,0.333333333333333
1653097072620_no3pg,35,3,4,3,2,3,2,"",6,0,emily,0,1,1,1,4,white-caucasian,male,4,5,no,4,2,1,3,1,200,1,1,4,4,9,4.16666666666667,1,0.666666666666667
1653097528735_3p1il,64,5,5,4,5,4,4,Interesting. Thanks.,6,0,june,0,0,0,0,3,white-caucasian,male,3,4,no,6,18,1,3,1,0,0,0,1,3,15,2.5,0,0
1653097979313_sac28,24,3,4,2,4,2,2,"",6,0,emily,1,1,1,1,4,white-caucasian,female,3,3,no,6,17,7,6,1,400,500,1,5,2,8,4.16666666666667,1,0.833333333333333
1653099761107_sudrd,33,3,3,3,2,2,2,na,1,0,emily,0,0,0,1,2,white-caucasian,female,1,3,no,2,17,2,4,4,125,125,2,5,2,21,4.5,1,0.333333333333333
1653099852306_w6qr9,27,2,1,1,2,1,1,"",6,1,emily,1,1,1,1,1,white-caucasian,male,1,2,no,6,19,6,6,5,138,55,2,3,2,12,5.66666666666667,1,1
1653099908902_xl6iz,49,4,2,2,4,1,1,fun,6,0,emily,0,0,0,0,1,white-caucasian,male,1,1,yes,2,12,3,5,5,35,50,2,5,1,12,4.66666666666667,1,0.166666666666667
1653100129449_gagnp,41,4,4,4,4,3,2,None,1,0,june,0,0,0,0,3,white-caucasian,female,4,4,no,3,13,1,2,1,200,150,1,2,3,13,3.5,0,0
1653100232423_7qe23,25,3,1,2,1,2,1,"",6,1,june,0,1,1,1,3,white-caucasian,male,1,1,no,4,3,2,3,5,200,350,2,4,1,13,5.33333333333333,0,0.666666666666667
1653100376251_4z6kt,37,5,4,4,4,4,4,"",1,0,june,0,0,0,0,4,white-caucasian,female,2,5,no,6,19,9,5,4,415,200,2,5,4,12,2.83333333333333,0,0
1653101467155_5apky,25,4,2,2,3,2,3,"",6,1,emily,0,0,1,1,4,white-caucasian,female,2,4,no,3,14,4,3,3,2600,1600,2,5,4,16,4.33333333333333,1,0.666666666666667
1653101878439_jg9gq,30,5,4,4,4,4,4,"",6,0,emily,0,0,1,0,3,white-caucasian;black-african-american;american-indian-alaska-native,female,3,3,no,4,14,1,6,3,900,900,2,4,3,13,2.83333333333333,1,0.333333333333333
1653102100483_df50m,33,5,5,6,4,2,2,None,6,0,emily,1,1,0,1,3,white-caucasian,female,4,4,no,5,16,3,5,1,2000,0,1,5,3,11,3,1,0.666666666666667
1653103036626_njx4j,52,5,4,2,5,2,2,No,1,0,emily,0,0,0,1,3,white-caucasian,female,3,4,no,6,20,6,5,1,0,0,0,1,3,16,3.66666666666667,1,0.333333333333333
1653103058318_88c2a,30,5,5,1,5,4,4,Not at this time.,2,0,june,0,0,0,0,1,prefer-not-to-say,female,3,3,no,4,13,0,3,5,20,20,2,4,1,16,3,0,0
1653103599039_yqrjo,35,4,4,4,3,4,3,"",2,0,emily,0,0,1,0,4,other,female,2,4,no,6,6,9,7,1,130,100,1,5,4,45,3.33333333333333,1,0.333333333333333
1653104430968_ox1xv,36,4,2,3,2,2,2,"",6,0,emily,0,0,0,1,1,white-caucasian,female,1,1,no,5,4,1,7,5,800,1500,1,3,1,14,4.5,1,0.333333333333333
1653104610191_oon54,39,5,6,4,5,4,5,NO,4,0,emily,0,0,0,0,3,white-caucasian;black-african-american;asian;american-indian-alaska-native;native-hawaiian-pacific-islander;other,female,4,3,no,3,13,2,6,1,200,300,1,5,3,16,2.16666666666667,1,0.166666666666667
1653104619577_kjc30,23,2,3,2,3,1,2,No,6,0,emily,0,0,0,1,1,white-caucasian,male,1,1,no,5,18,5,4,4,1000,400,2,5,1,8,4.83333333333333,1,0.333333333333333
1653105626323_dqzau,42,4,1,2,4,2,1,no,1,0,june,0,0,0,0,3,black-african-american,female,1,3,no,4,2,3,9,1,20,100,0,2,3,30,4.66666666666667,0,0
1653107182664_78t7q,34,1,1,1,1,1,1,"",6,0,emily,0,0,0,0,1,black-african-american,female,1,2,no,0,4,1,6,5,2566,988,2,5,1,33,6,1,0.166666666666667
1653107580935_582qr,31,1,1,1,1,1,1,"",6,1,emily,0,1,1,1,2,white-caucasian,female,1,1,no,5,17,8,5,5,500,2000,2,5,1,12,6,1,0.833333333333333
1653107603639_acdjc,31,4,5,4,5,3,1,"",6,0,june,0,0,0,1,2,white-caucasian,female,3,3,no,4,4,3,2,5,457,309,2,3,2,35,3.33333333333333,0,0.166666666666667
1653107858773_4uwjm,34,5,5,4,6,4,4,Thanks,6,1,emily,1,1,1,1,2,white-caucasian,female,2,4,no,5,18,0,2,1,3,30,2,5,4,11,2.33333333333333,1,1
1653108440999_52sin,31,4,2,3,2,2,2,No,2,0,emily,0,0,1,0,5,white-caucasian,male,2,4,no,5,18,6,6,4,2500,5,2,5,3,13,4.5,1,0.333333333333333
1653108933179_9mag5,46,3,6,2,1,2,2,"",1,0,june,0,0,0,1,5,white-caucasian,female,2,6,no,2,20,1,1,2,200,100,2,3,5,48,4.33333333333333,0,0.166666666666667
1653109012361_tfjpv,23,4,3,4,3,2,2,"",1,1,june,1,1,0,1,4,white-caucasian,male,3,3,no,6,2,4,5,1,658,41,2,4,2,8,4,0,0.666666666666667
1653350569208_mo7hm,35,1,1,1,1,1,1,"",6,0,june,0,0,0,1,2,white-caucasian,female,1,2,no,5,16,1,7,5,25,50,2,5,1,9,6,0,0.166666666666667
1653350615766_fs9nz,28,4,4,4,4,5,3,0,6,0,june,0,0,0,1,3,asian,male,3,3,no,4,3,4,6,3,155,8,1,4,3,12,3,0,0.166666666666667
1653350619021_xpdbu,28,4,3,6,4,5,5,No,4,0,june,0,0,0,1,4,white-caucasian,female,2,4,no,2,12,3,5,2,0,0,1,1,4,5,2.5,0,0.166666666666667
1653350679811_b302t,23,4,4,4,3,3,1,Nope,6,0,emily,1,1,1,1,3,white-caucasian,male,3,4,no,5,16,3,4,4,300,200,1,5,4,14,3.83333333333333,1,0.833333333333333
1653350824169_kogr5,34,3,2,3,2,4,2,"",6,0,june,0,0,1,0,2,other,male,3,3,no,5,4,5,5,1,100,300,1,5,2,15,4.33333333333333,0,0.166666666666667
1653350828269_p6ak9,32,3,3,3,2,3,2,no,6,0,emily,0,0,0,1,3,white-caucasian,female,1,3,no,5,4,3,5,5,200,250,1,4,2,15,4.33333333333333,1,0.333333333333333
1653351128119_g5u1e,23,5,2,2,2,3,2,"",6,0,emily,0,0,0,0,2,white-caucasian,female,1,2,no,2,2,2,6,5,1000,500,1,5,2,7,4.33333333333333,1,0.166666666666667
1653351358958_5v3co,36,5,4,3,4,3,3,No,6,1,emily,0,0,0,1,4,white-caucasian,female,3,4,no,2,13,1,3,5,937,450,2,5,2,15,3.33333333333333,1,0.5
1653351564616_gc65d,52,5,6,6,6,2,3,no,6,0,emily,0,0,1,1,5,white-caucasian,female,2,6,no,6,8,0,1,3,170,0,2,5,5,10,2.33333333333333,1,0.5
1653351869206_0tnrh,28,3,3,3,2,2,2,no,6,0,emily,1,1,1,1,4,white-caucasian,female,3,3,no,5,20,4,4,4,500,100,1,5,2,10,4.5,1,0.833333333333333
1653352698186_rwuhz,51,3,3,4,4,5,2,NONE,6,1,emily,1,1,0,1,2,white-caucasian,male,3,3,no,6,22,1,7,1,1,2,1,2,5,10,3.5,1,0.833333333333333
1653352708549_54gj2,48,4,6,5,5,4,3,N/A,6,1,june,0,1,1,0,3,black-african-american,female,1,2,no,4,1,5,5,1,50,1,2,4,3,30,2.5,0,0.5
1653352861893_dkqv3,55,2,2,4,1,1,1,None,6,0,emily,0,0,0,1,3,black-african-american;other,male,1,2,no,5,16,7,4,5,33,107,2,5,2,26,5.16666666666667,1,0.333333333333333
1653353028918_pirer,37,4,3,1,1,2,2,"",6,0,emily,0,0,1,1,4,black-african-american,male,3,3,yes,5,16,9,5,5,10,25,1,4,2,19,4.83333333333333,1,0.5
1653353042326_4p2gy,38,2,2,2,2,1,2,nope,6,0,emily,1,1,1,1,1,white-caucasian,female,1,1,no,4,14,4,3,1,100,300,2,5,1,18,5.16666666666667,1,0.833333333333333
1653353344794_uzwky,46,4,3,3,3,3,3,no,6,0,emily,0,1,1,1,3,white-caucasian,female,1,2,no,6,10,1,6,5,5,500,2,5,2,11,3.83333333333333,1,0.666666666666667
1653353648699_r3vky,36,4,4,3,3,3,3,Very interesting survey,6,0,emily,0,0,0,1,2,black-african-american,female,1,1,no,5,5,2,3,5,470,835,2,4,2,17,3.66666666666667,1,0.333333333333333
1653353833996_ufaw8,26,5,4,5,4,4,4,n/a,5,1,emily,1,1,1,1,3,white-caucasian,female,3,3,no,3,12,2,5,5,490,490,2,5,3,17,2.66666666666667,1,1
1653354030858_r9d43,32,4,3,2,1,1,1,"On formal education, was not sure if this included primary and secondary school or not.",6,1,emily,1,1,1,1,5,white-caucasian,male,3,3,no,6,20,1,7,5,619,619,2,5,1,16,5,1,1
1653354309038_9bhzv,25,4,2,5,4,3,2,"",6,0,emily,0,0,1,1,2,black-african-american,female,1,3,no,6,6,0,5,3,600,900,2,5,2,7,3.66666666666667,1,0.5
1653354522266_cpea5,47,3,3,3,3,3,2,no,6,0,june,0,0,0,0,3,white-caucasian,female,1,2,no,5,16,3,4,4,78,10,2,5,2,15,4.16666666666667,0,0
1653354692012_mdkh7,35,5,3,2,5,4,1,No,6,0,emily,0,0,1,1,1,white-caucasian,female,1,1,no,2,15,4,3,5,15,15,2,5,1,15,3.66666666666667,1,0.5
1653354827559_0vh4x,37,5,4,3,4,4,4,no,1,0,emily,0,0,0,1,2,white-caucasian,female,3,4,no,4,2,4,4,3,4000,100,2,3,2,29,3,1,0.333333333333333
1653355244392_v6vgg,38,4,4,4,5,5,4,"",6,0,june,0,0,0,0,4,asian,male,3,4,no,5,12,4,5,3,20,50,1,5,4,12,2.66666666666667,0,0
1653355291151_5jn2j,24,1,3,3,3,4,4,no,1,0,emily,0,0,1,0,3,white-caucasian,female,1,2,no,2,14,3,4,4,1200,700,0,4,3,8,4,1,0.333333333333333
1653355335237_osje1,53,2,2,2,2,2,3,nope,6,0,emily,0,1,1,1,4,white-caucasian,female,3,3,no,5,16,7,6,5,0,15,1,5,2,19,4.83333333333333,1,0.666666666666667
1653355375389_kwvdu,39,4,4,4,4,3,3,"",6,1,emily,0,1,1,1,2,white-caucasian,female,1,2,no,4,14,1,6,3,100,15,2,4,2,21,3.33333333333333,1,0.833333333333333
1653355414154_3unm8,29,4,4,6,5,5,4,"",1,0,june,0,0,1,1,3,white-caucasian,female,3,4,no,2,12,1,3,1,88,1,1,5,3,8,2.33333333333333,0,0.333333333333333
1653355682011_sarqq,49,3,3,3,2,2,3,N/A,6,0,june,0,0,0,1,1,white-caucasian,female,1,2,no,1,10,8,4,2,938,1017,2,5,1,17,4.33333333333333,0,0.166666666666667
1653355974169_6bkjy,26,4,3,4,4,4,3,none,6,0,june,0,1,1,0,3,asian,male,1,3,no,4,2,1,2,3,7,3,1,3,3,15,3.33333333333333,0,0.333333333333333
1653356220605_a2x53,21,4,3,2,2,2,2,"",6,1,emily,0,1,1,1,2,white-caucasian,female,3,3,no,4,13,1,6,5,163,412,1,4,2,13,4.5,1,0.833333333333333
1653356403579_xslvf,24,3,4,3,3,4,3,"",6,1,emily,0,1,1,1,3,white-caucasian,female,3,4,no,6,6,7,4,5,706,681,1,5,3,15,3.66666666666667,1,0.833333333333333
1653356506313_aw6az,34,4,3,2,5,4,2,"",1,1,june,0,0,1,0,5,white-caucasian,male,4,4,no,4,14,3,2,1,0,0,0,1,2,25,3.66666666666667,0,0.333333333333333
1653356561396_jrh2v,31,5,5,5,4,3,3,no,1,0,emily,0,0,1,1,4,other,female,2,4,no,4,14,8,4,5,172,189,2,5,4,14,2.83333333333333,1,0.5
1653356599655_ez2ba,43,3,3,4,2,3,3,No comments,4,0,june,0,1,1,1,3,black-african-american,male,3,3,no,5,17,1,7,3,40000,3500,2,5,1,21,4,0,0.5
1653357045340_iykco,35,3,4,4,3,3,4,I have no comments.,1,0,emily,0,0,1,1,5,white-caucasian,female,2,6,no,2,13,0,3,1,489,1279,1,5,5,25,3.5,1,0.5
1653357401806_rs3cc,29,5,5,5,4,4,4,No,6,0,emily,0,0,0,1,4,white-caucasian,female,2,4,no,5,16,6,6,1,598,598,1,5,4,12,2.5,1,0.333333333333333
1653357494049_hrulf,54,5,5,4,5,5,3,"",6,0,emily,0,0,0,1,3,white-caucasian,female,2,4,no,4,14,1,4,1,8,34,1,5,3,20,2.5,1,0.333333333333333
1653357570028_55ugd,20,2,2,2,2,1,1,no,6,0,emily,0,1,0,0,2,white-caucasian,female,3,3,no,2,16,5,5,5,0,100,1,5,1,19,5.33333333333333,1,0.333333333333333
1653357576042_ndxhe,26,3,3,1,3,2,1,"",6,1,emily,0,1,1,1,2,asian,male,1,2,no,5,19,6,5,5,600,3,2,5,2,11,4.83333333333333,1,0.833333333333333
1653357820842_owp7p,35,4,4,4,4,4,3,"",6,0,emily,0,0,1,1,4,white-caucasian,female,2,5,no,5,12,5,6,5,1000,1000,1,5,4,10,3.16666666666667,1,0.5
1653357965274_kqsrw,39,5,2,3,3,3,3,"",6,0,june,0,0,0,0,4,white-caucasian,female,3,4,no,6,18,1,7,5,465,3,2,5,2,35,3.83333333333333,0,0
1653358008642_76a69,22,4,4,4,4,3,3,"",6,1,emily,1,1,1,1,2,white-caucasian,female,1,2,no,5,17,1,6,4,481,477,2,5,2,11,3.33333333333333,1,1
1653358088039_kglyg,41,3,4,3,4,4,4,No,4,0,june,0,0,0,0,3,white-caucasian,male,3,3,no,2,20,4,5,3,154,3,2,4,3,,3.33333333333333,0,0
1653358274646_1x7iu,32,1,1,1,2,1,1,"",6,1,emily,1,1,1,1,3,white-caucasian;asian,male,1,3,no,6,18,1,7,5,0,0,0,1,2,9,5.83333333333333,1,1
1653358807718_w2cfx,27,5,5,4,4,3,4,No,6,1,emily,0,0,0,1,5,white-caucasian,female,2,5,no,5,16,5,4,5,100,20,1,5,5,11,2.83333333333333,1,0.5
1653358860656_nned4,23,4,4,5,3,4,4,No,2,1,emily,1,0,1,1,3,white-caucasian,male,3,4,no,4,5,0,7,4,1100,550,1,5,3,13,3,1,0.833333333333333
1653359233265_pdn69,26,3,3,3,3,4,2,"",6,0,june,0,0,0,0,1,white-caucasian;black-african-american,female,1,1,no,5,18,4,6,5,745,1675,2,4,1,14,4,0,0
1653359330210_sfjup,28,4,3,2,3,2,3,No,6,0,emily,1,1,0,1,3,white-caucasian,female,1,3,no,5,4,0,3,4,650,1000,2,5,2,21,4.16666666666667,1,0.666666666666667
1653359447240_z7p18,22,3,1,2,1,1,1,"",6,0,june,0,1,0,1,4,white-caucasian,male,3,4,yes,5,15,6,4,5,500,450,2,5,2,21,5.5,0,0.333333333333333
1653359628391_cbcei,24,3,3,3,3,3,3,no,2,0,june,0,0,0,1,3,white-caucasian;other,female,3,4,no,4,13,5,4,4,100,80,1,5,3,12,4,0,0.166666666666667
1653360207755_lq0cb,30,4,5,5,4,4,5,"",6,0,june,0,0,1,0,3,white-caucasian,female,2,5,no,3,12,3,5,4,1000,300,2,5,3,6,2.5,0,0.166666666666667
1653360738424_xniml,34,1,1,1,1,1,1,"",6,0,june,0,0,1,0,3,white-caucasian,male,3,3,no,4,2,4,5,5,100,4,2,5,3,15,6,0,0.166666666666667
1653360962923_xnued,22,3,2,3,4,2,2,"",4,1,emily,0,0,1,0,3,white-caucasian,female,3,4,no,4,15,4,5,5,387,106,1,5,3,21,4.33333333333333,1,0.5
1653360979236_5byan,24,5,5,3,1,1,2,no,6,0,emily,0,1,1,1,2,white-caucasian,male,3,3,no,2,1,4,5,1,50,20,1,4,2,13,4.16666666666667,1,0.666666666666667
1653361047832_iav17,28,5,2,4,3,3,2,ur cute,1,1,emily,0,1,0,1,3,white-caucasian,male,3,4,no,2,12,1,3,1,0,0,0,1,4,17,3.83333333333333,1,0.666666666666667
1653361302171_gnagi,41,4,4,3,3,3,3,no,6,0,june,0,0,0,1,2,black-african-american,male,1,3,no,5,4,3,7,3,10,2,1,3,2,8,3.66666666666667,0,0.166666666666667
1653361337095_5jun7,38,3,2,3,1,1,1,No,1,0,june,0,1,1,0,5,white-caucasian,male,2,6,no,3,16,5,4,4,500,1000,2,5,5,23,5.16666666666667,0,0.333333333333333
1653361351291_khf63,27,2,2,3,2,2,1,none,6,0,june,0,0,0,0,3,white-caucasian,trans-female,1,3,no,4,2,5,5,5,50,45,2,5,3,9,5,0,0
1653361577741_1ybw8,40,3,3,3,3,3,2,n/a,4,0,emily,0,0,0,0,2,black-african-american,female,1,2,no,5,4,1,6,5,75,5,2,4,2,20,4.16666666666667,1,0.166666666666667
1653362351825_lmrha,27,1,1,1,1,1,1,"",6,0,emily,0,0,1,1,1,black-african-american,female,3,3,no,6,19,7,5,1,8000,10000,1,5,1,15,6,1,0.5
1653362523547_i99mr,41,5,5,6,5,5,4,No,2,0,emily,0,0,1,1,3,white-caucasian,female,1,2,no,2,12,3,6,5,500,50,1,5,3,15,2,1,0.5
1653362745095_52w84,42,4,4,3,3,2,2,Thank you for allowing me to take part in your study!,6,1,emily,1,1,0,1,3,white-caucasian,male,1,3,no,5,4,1,6,5,175,300,2,4,3,22,4,1,0.833333333333333
1653362814777_2vy5m,44,5,5,5,5,2,3,"",6,0,emily,0,1,1,1,2,asian,male,1,3,no,5,17,0,5,5,3,3,1,3,2,25,2.83333333333333,1,0.666666666666667
1653363578644_xs89c,27,3,2,5,3,3,2,"",6,1,emily,0,0,0,1,1,prefer-not-to-say,female,4,5,no,2,12,3,3,3,1,2,1,5,2,13,4,1,0.5
1653363761977_h4ip1,40,3,4,4,3,4,2,"",6,0,emily,0,1,1,0,4,white-caucasian,female,2,4,no,6,18,4,5,2,150,100,1,3,4,16,3.66666666666667,1,0.5
1653364293213_p88rj,38,5,5,3,2,3,3,"",6,1,emily,1,0,0,1,2,white-caucasian,female,1,3,no,6,18,5,4,5,641,379,2,5,2,11,3.5,1,0.666666666666667
1653364801250_efgmm,50,4,2,3,4,3,3,no,6,0,june,0,0,0,0,2,white-caucasian,female,1,2,no,4,4,4,6,5,350,450,2,5,2,15,3.83333333333333,0,0
1653365851853_c1637,28,3,4,2,3,2,2,na,6,0,emily,1,0,1,1,2,black-african-american,female,1,2,no,5,18,7,6,5,1400,2200,1,5,2,30,4.33333333333333,1,0.666666666666667
1653366673147_zqou8,39,5,5,4,4,4,4,no,6,1,emily,0,1,0,1,2,black-african-american,female,1,2,no,6,6,1,6,5,400,600,1,5,2,17,2.66666666666667,1,0.666666666666667
1653366676389_uhw8m,31,4,4,4,4,3,2,no,4,0,june,0,0,0,0,3,white-caucasian,male,3,4,no,2,12,1,1,1,0,0,1,4,3,21,3.5,0,0
1653366982455_lts4s,56,2,2,3,2,2,1,no,6,0,june,0,0,0,0,3,prefer-not-to-say,other,4,3,no,6,18,8,5,4,20,150,2,4,1,18,5,0,0
1653367322310_fe4k8,24,5,5,4,5,4,4,"",6,0,june,0,0,0,0,3,black-african-american,female,1,2,no,5,17,6,5,3,200,100,2,3,2,14,2.5,0,0
1653368298123_ng17y,32,5,5,4,5,4,4,very interesting topics,6,1,june,0,0,0,0,3,asian,male,1,3,no,6,7,4,4,1,500,112,1,5,3,15,2.5,0,0.166666666666667
1653368501187_h2aqu,32,5,5,5,3,3,3,"",6,0,june,0,0,0,1,5,white-caucasian,male,2,5,yes,2,32,5,4,4,1600,5,2,5,5,24,3,0,0.166666666666667
1653369413158_s5okf,29,3,3,3,3,3,3,"",1,0,june,0,0,1,1,5,white-caucasian,female,2,6,no,2,13,4,6,4,400,400,2,4,5,19,4,0,0.333333333333333
1653369852429_qbzfy,26,2,3,1,2,2,1,"",6,0,emily,0,0,0,0,2,white-caucasian,female,3,3,no,2,0,4,2,5,50,80,1,5,4,13,5.16666666666667,1,0.166666666666667
1653370977266_n9f55,51,3,2,3,2,1,3,No,6,0,emily,0,0,0,1,4,white-caucasian,male,2,4,no,3,14,6,6,3,65,80,2,2,4,13,4.66666666666667,1,0.333333333333333
1653373838752_d7qa1,34,6,6,6,6,6,6,no,1,0,june,0,0,1,1,5,white-caucasian,female,3,6,no,4,12,1,7,1,1300,300,0,2,5,5,1,0,0.333333333333333
1653374089608_nqusu,48,2,3,3,2,1,2,These survey have obvious biases. They are very right leaning.,6,0,emily,0,0,1,1,1,black-african-american,female,1,2,no,4,3,1,2,1,700,1000,2,5,1,6,4.83333333333333,1,0.5
1653374833713_3o55d,48,2,1,3,1,1,1,"",6,0,june,0,0,1,1,2,white-caucasian,female,1,3,no,2,12,2,4,5,2000,50,2,5,4,20,5.5,0,0.333333333333333
1653376580828_9vfzv,23,4,2,3,3,1,2,No,6,0,emily,0,1,1,1,3,black-african-american,female,4,3,no,5,4,6,5,1,324,36,1,4,3,14,4.5,1,0.666666666666667
1653376883982_fkw37,36,2,5,5,5,5,2,no,2,0,emily,1,0,0,0,3,black-african-american,male,4,4,no,2,12,0,8,1,824,2317,1,5,3,22,3,1,0.333333333333333
1653377946203_1id6p,32,1,1,1,1,1,1,The word problems are great lmao,6,0,emily,1,1,1,1,4,native-hawaiian-pacific-islander,female,4,4,no,5,16,,4,5,1200,400,1,5,4,17,6,1,0.833333333333333
1653379099208_9ccqh,31,5,6,3,4,4,6,no,6,0,emily,0,1,1,1,5,white-caucasian,female,2,4,no,4,2,4,3,5,500,4,1,5,2,15,2.33333333333333,1,0.666666666666667
1653380953563_oid0g,43,3,3,3,3,2,2,Extremely interesting,6,1,emily,1,1,1,1,2,white-caucasian,male,3,3,no,5,17,7,5,4,5000,7500,2,4,1,17,4.33333333333333,1,1
1653383724930_o2bvl,30,3,1,3,2,1,1,No,6,1,emily,1,1,1,1,1,white-caucasian,male,3,1,no,3,17,8,6,3,1600,5000,2,5,1,22,5.16666666666667,1,1
1653383746874_k287y,59,2,1,3,2,1,1,"",6,1,emily,0,0,0,1,2,white-caucasian,female,1,1,no,2,0,1,6,5,0,0,0,1,1,26,5.33333333333333,1,0.5
1653384301105_n7ko3,31,3,2,4,2,1,2,no,4,1,june,0,1,0,1,2,white-caucasian,male,1,1,no,6,19,9,5,5,53,3,1,5,2,15,4.66666666666667,0,0.5
1653385013325_un9ox,37,2,2,4,3,2,5,"Thanks, lots to think on! Loved the challenge?'s",6,0,june,1,0,1,0,1,"",male,4,2,no,5,16,5,6,1,300,100,2,5,1,20,4,0,0.333333333333333
1653389161237_g4gtr,27,4,1,3,4,1,2,"",6,1,emily,0,0,1,1,2,white-caucasian,female,3,2,no,3,16,8,4,4,663,656,2,5,1,21,4.5,1,0.666666666666667
1653389691896_p7cts,31,5,5,5,5,5,4,None,2,1,june,1,0,1,0,4,white-caucasian,female,2,5,no,5,4,6,5,3,100,75,2,5,4,16,2.16666666666667,0,0.5
1653390514902_9abzj,32,4,3,2,5,3,1,"",1,0,june,0,0,0,1,1,white-caucasian,female,4,3,no,3,2,8,5,2,600,500,1,5,1,20,4,0,0.166666666666667
1653391439917_hxivf,28,2,1,5,1,1,1,"",6,0,emily,0,0,0,1,2,asian,female,3,3,no,5,17,6,4,5,100,3,2,5,2,6,5.16666666666667,1,0.333333333333333
1653393726909_2kxuu,35,4,4,4,4,4,3,None ,6,0,june,1,1,1,1,3,white-caucasian,female,3,4,no,4,3,6,3,4,500,600,1,5,3,9,3.16666666666667,0,0.666666666666667
1653393898214_52rds,50,4,3,4,3,3,2,"",5,0,june,0,0,0,1,4,white-caucasian,male,3,4,no,6,7,1,6,3,500,20,2,5,3,9,3.83333333333333,0,0.166666666666667
1653394207594_0ho5i,31,3,2,4,3,3,3,no,6,1,emily,0,0,0,0,2,white-caucasian,female,3,2,no,6,6,7,6,4,299,200,1,5,2,15,4,1,0.333333333333333
1653394475519_jbo4g,40,4,5,2,5,4,1,No,2,0,june,0,1,0,0,4,white-caucasian,female,3,4,no,5,17,1,6,4,750,200,1,5,2,22,3.5,0,0.166666666666667
1653395015904_ycm4o,34,3,1,1,4,1,1,"",6,0,emily,1,1,1,1,1,white-caucasian,male,3,3,no,6,25,1,6,4,400,400,2,5,1,24,5.16666666666667,1,0.833333333333333
1653395641831_d80av,28,6,6,6,6,4,2,no,1,0,june,0,0,1,0,4,white-caucasian,female,2,5,no,2,12,3,5,4,100,250,1,5,4,15,2,0,0.166666666666667
1653395670000_kcdpo,20,5,3,2,4,3,2,"",6,1,emily,1,1,1,1,2,asian,male,1,2,no,4,14,6,5,5,625,550,1,5,2,10,3.83333333333333,1,1
1653396333842_54an8,34,4,2,2,2,2,2,good survey,1,1,emily,0,0,0,1,4,white-caucasian,female,4,4,yes,4,17,6,4,5,8000,5000,2,5,4,16,4.66666666666667,1,0.5
1653396475473_ql8de,33,3,3,3,3,1,1,"",3,0,emily,0,0,0,1,4,white-caucasian,female,2,4,no,5,16,6,6,5,100,230,2,5,4,14,4.66666666666667,1,0.333333333333333
1653396475731_bde43,42,4,2,4,4,2,1,"",1,1,emily,1,1,1,1,4,white-caucasian,female,1,3,no,6,20,8,5,5,30,60,1,5,2,12,4.16666666666667,1,1
1653397172700_vy12l,26,4,3,2,3,2,3,"",6,1,emily,0,1,1,1,1,white-caucasian,female,1,2,no,6,19,0,5,5,200,400,2,5,1,18,4.16666666666667,1,0.833333333333333
1653397271465_dld6l,26,2,2,2,2,2,2,"",6,0,emily,0,0,0,1,4,white-caucasian,female,3,3,no,6,19,1,6,2,300,350,2,5,2,12,5,1,0.333333333333333
1653398434778_6s1eu,42,2,2,2,2,2,2,"",6,1,june,0,0,0,0,5,white-caucasian,male,3,4,no,4,9,4,3,1,0,0,0,1,1,12,5,0,0.166666666666667
1653399424260_e0z00,51,4,5,3,4,3,3,"",2,1,emily,0,1,1,1,4,white-caucasian,female,3,4,no,6,20,1,6,1,700,3,1,5,2,17,3.33333333333333,1,0.833333333333333
1653399792043_3c1gn,29,3,3,5,2,2,4,N/A,2,0,emily,0,1,1,1,4,white-caucasian,female,3,4,yes,5,4,8,5,2,350,1,1,3,2,12,3.83333333333333,1,0.666666666666667
1653400370699_o1vnb,24,4,3,2,2,2,2,Nope!,6,1,emily,0,1,1,1,2,black-african-american;other,female,1,2,yes,5,17,7,3,5,1082,707,2,5,1,13,4.5,1,0.833333333333333
1653400578883_kox9n,37,6,4,4,4,3,3,No,6,0,june,0,0,1,1,3,"",male,1,3,no,2,0,3,5,2,1120,590,1,5,3,29,3,0,0.333333333333333
1653400627838_ioioc,29,4,4,5,3,3,3,"",6,0,emily,1,1,0,1,3,white-caucasian,female,1,2,no,6,6,7,2,5,586,548,2,5,1,12,3.33333333333333,1,0.666666666666667
1653400812623_43mto,23,5,2,3,4,4,3,no,2,0,emily,0,0,0,1,2,asian,female,2,4,no,5,12,2,5,4,300,200,2,5,2,11,3.5,1,0.333333333333333
1653401111790_05d3b,55,4,4,4,3,4,3,none,1,0,june,0,0,1,0,5,white-caucasian,female,2,5,no,5,17,5,6,5,300,200,1,4,5,13,3.33333333333333,0,0.166666666666667
1653401199179_8dap1,53,6,4,5,4,3,4,No comments at this time.,6,0,emily,0,0,0,1,4,white-caucasian,male,3,4,no,5,17,8,6,5,291,30,2,5,5,25,2.66666666666667,1,0.333333333333333
1653401818340_088ge,58,5,5,3,2,2,2,"",6,0,emily,0,0,1,1,3,white-caucasian,female,1,3,no,5,16,4,4,5,45,52,2,4,3,25,3.83333333333333,1,0.5
1653402318796_kackk,31,2,2,1,1,1,1,"",6,1,june,0,1,0,1,2,asian,female,1,1,no,6,18,3,3,5,48,5,1,5,1,14,5.66666666666667,0,0.5
1653402440045_yppls,25,3,3,3,3,3,2,No,6,1,emily,0,0,0,1,2,white-caucasian,female,1,2,no,2,12,5,5,5,45,37,2,4,1,16,4.16666666666667,1,0.5
1653402534916_b74tw,40,6,6,6,6,5,5,"",1,0,emily,1,0,1,1,4,asian,female,3,4,no,6,22,9,5,4,165,41,1,5,4,21,1.33333333333333,1,0.666666666666667
1653402679192_xipn7,23,3,1,3,1,1,2,N/A.,6,0,emily,1,1,1,1,1,white-caucasian,female,1,1,no,5,4,2,4,5,550,1048,2,4,1,12,5.16666666666667,1,0.833333333333333
1653402882766_73q0u,28,5,4,4,4,2,2,No,6,0,emily,0,0,1,0,3,"",female,4,4,no,4,14,9,5,1,0,0,0,1,3,14,3.5,1,0.333333333333333
1653403302226_6bbrd,32,1,1,1,1,1,1,no,6,0,emily,0,0,1,0,4,white-caucasian,male,3,4,no,6,24,1,6,4,200,200,1,4,3,9,6,1,0.333333333333333
1653403571864_xdzzl,50,3,2,3,3,2,2,"",6,1,emily,1,1,1,1,3,white-caucasian,female,3,4,no,5,16,1,5,5,123,2,1,4,3,26,4.5,1,1
1653403767186_deof9,25,4,2,5,2,2,1,no,6,0,emily,0,0,1,1,3,white-caucasian,female,3,3,no,2,12,2,4,1,500,350,2,5,3,20,4.33333333333333,1,0.5
1653404283152_331o2,25,4,4,4,4,2,2,"",6,0,emily,0,0,1,1,1,white-caucasian,trans-non-binary,4,1,no,5,5.5,7,4,4,50,599,2,4,1,8,3.66666666666667,1,0.5
1653404343880_kqtw2,26,3,3,1,4,1,1,No,6,1,emily,0,1,1,1,5,white-caucasian,female,3,3,no,6,5,6,5,1,60,150,1,5,1,9,4.83333333333333,1,0.833333333333333
1653404713697_d0kxe,21,2,1,2,2,2,1,"",6,0,emily,0,0,0,1,1,white-caucasian,female,1,2,no,4,16,8,5,5,930,850,2,5,1,5,5.33333333333333,1,0.333333333333333
1653404752415_xsy6k,28,5,4,4,5,4,3,no,1,1,emily,1,0,0,1,5,white-caucasian,female,2,5,no,3,1,7,2,1,300,4,1,4,5,18,2.83333333333333,1,0.666666666666667
1653404992433_yzffv,29,3,3,5,3,2,2,no,6,0,june,0,0,0,0,3,white-caucasian,female,1,3,no,6,20,9,6,3,155,220,2,5,3,23,4,0,0
1653405348224_1gdtq,35,5,3,2,3,1,1,"",1,1,emily,0,1,1,1,4,white-caucasian,male,3,4,no,5,16,1,5,5,300,300,1,4,4,11,4.5,1,0.833333333333333
1653406142280_y8vrz,25,3,4,4,2,1,2,Fuck Joe Biden and his commie shit climate agenda,1,1,emily,1,1,1,1,5,white-caucasian,male,2,6,no,5,20,5,4,5,0,0,0,1,5,10,4.33333333333333,1,1
1653406582460_0gfg0,29,2,1,2,2,2,1,"",6,0,emily,0,1,1,0,2,black-african-american,female,3,3,no,4,14,4,2,4,2700,781,2,5,2,18,5.33333333333333,1,0.5
1653406957703_ho38m,28,3,2,3,2,1,1,"",6,0,emily,0,1,1,1,2,white-caucasian,female,1,1,no,5,19,3,5,4,250,350,1,2,1,12,5,1,0.666666666666667
1653407503040_ugkmf,36,3,3,5,5,3,3,none,1,1,emily,0,1,0,1,5,white-caucasian,female,3,5,no,4,15,1,5,1,0,0,0,1,5,10,3.33333333333333,1,0.666666666666667
1653407559469_clzno,63,3,2,2,1,1,1,"",6,0,emily,0,0,1,1,4,white-caucasian,female,1,2,no,5,4,5,6,4,30,20,1,4,2,15,5.33333333333333,1,0.5
1653407827449_yzypd,18,4,4,3,3,2,1,"",4,1,emily,1,1,1,1,5,white-caucasian,male,2,5,no,2,14,7,5,5,220,100,2,5,5,20,4.16666666666667,1,1
1653407863773_1f4jq,26,3,2,3,4,3,3,no,6,1,emily,1,1,1,1,3,white-caucasian,female,3,4,no,4,3,8,2,3,3,100,1,4,1,24,4,1,1
1653408380925_w2qzr,60,2,1,2,2,1,1,"",6,0,june,0,0,1,0,3,white-caucasian;american-indian-alaska-native,female,3,3,yes,5,6,2,3,5,100,5,2,5,3,23,5.5,0,0.166666666666667
1653408498581_nrqm9,28,4,3,3,3,3,2,"",6,0,emily,0,0,1,1,4,white-caucasian,female,2,4,no,2,2,9,6,4,150,1000,2,5,4,10,4,1,0.5
1653408649117_3bz6g,33,4,4,3,4,4,3,No,1,0,emily,0,0,0,1,3,"",female,3,4,no,4,14,9,3,5,100,200,1,5,3,13,3.33333333333333,1,0.333333333333333
1653409255241_is890,29,5,5,4,4,3,3,"",1,1,emily,0,1,1,1,3,white-caucasian,female,3,4,no,6,6,8,7,1,300,300,1,5,3,15,3,1,0.833333333333333
1653409589786_jy5vo,26,2,2,2,2,3,3,"",6,1,don't know,0,1,0,0,1,white-caucasian,male,4,3,no,5,16,2,4,4,100,65,2,5,1,8,4.66666666666667,0,0.333333333333333
1653409672900_eq3y5,21,5,3,5,3,3,5,"",3,0,emily,0,0,0,0,5,"",female,3,4,no,3,13,2,4,5,87,377,2,5,5,13,3,1,0.166666666666667
1653409931523_p1tj5,32,3,4,2,4,4,2,I would have liked to be able to click on some of those news articles! ,2,1,emily,0,0,1,1,2,white-caucasian,female,1,2,no,4,16,7,6,1,500,400,2,5,2,10,3.83333333333333,1,0.666666666666667
1653409969979_mdkgs,35,3,1,2,1,1,1,none,6,0,emily,0,0,1,1,4,white-caucasian,female,2,4,no,4,3,6,5,5,80,1,1,5,4,16,5.5,1,0.5
1653410543059_iz98z,36,5,4,5,4,4,3,no,1,0,emily,0,0,1,1,4,white-caucasian,female,4,3,no,4,2,4,4,4,800,1000,1,3,4,17,2.83333333333333,1,0.5
1653410574380_e95ug,34,4,4,4,3,3,3,No,1,0,june,0,0,0,1,4,white-caucasian,female,2,6,no,2,0,6,6,4,50,25,2,3,4,22,3.5,0,0.166666666666667
1653410663954_feqaz,39,1,1,1,1,1,1,I don't tend to spread info that I haven't or can't fact check - so sharing on socials tends to be very limited to cute animal vids,6,0,june,1,1,0,1,2,white-caucasian;other,female,1,2,no,5,16,5,4,5,45,20,2,2,1,24,6,0,0.5
1653410983161_7796s,30,6,6,6,4,1,1,"",6,0,emily,0,0,0,0,1,white-caucasian,female,3,1,no,4,14,5,5,5,989,1989,2,5,1,22,3,1,0.166666666666667
1653411049545_r0yhx,32,3,3,3,3,2,2,None,6,1,emily,1,1,0,1,3,white-caucasian,female,3,3,no,6,20,1,4,5,530,475,1,5,3,16,4.33333333333333,1,0.833333333333333
1653411348330_uc3mn,49,3,3,3,4,3,3,No,6,0,emily,0,0,0,1,3,white-caucasian,female,1,2,no,5,4,4,5,5,10,12,1,5,2,16,3.83333333333333,1,0.333333333333333
1653411421741_5ev2j,30,4,5,4,5,5,2,"",3,1,emily,0,0,1,1,2,asian;other,male,2,4,yes,5,4,8,6,5,1100,200,2,5,2,10,2.83333333333333,1,0.666666666666667
1653411824658_mpi2k,28,5,2,4,2,4,4,no,6,1,emily,1,1,1,1,1,other,male,1,1,yes,5,16,0,3,3,200,200,1,5,1,17,3.5,1,1
1653412721680_0saal,34,2,2,2,1,1,1,no,3,1,emily,0,1,1,0,1,white-caucasian;american-indian-alaska-native,trans-non-binary,1,1,no,5,18,1,2,5,300,150,2,4,1,16,5.5,1,0.666666666666667
1653413081176_gqsef,37,3,2,2,2,2,2,"",6,0,emily,0,0,1,1,1,white-caucasian,female,4,2,no,2,12,2,2,4,261,600,2,5,1,16,4.83333333333333,1,0.5
1653413766326_ma2cm,58,5,4,2,4,1,1,"",6,0,june,0,0,0,1,2,white-caucasian,female,1,2,no,5,4,0,3,3,1781,2311,2,5,1,14,4.16666666666667,0,0.166666666666667
1653413843788_0b9cj,22,4,4,4,3,4,3,"",6,1,june,0,0,1,0,2,white-caucasian,female,3,2,no,4,2,4,5,3,100,70,2,5,1,13,3.33333333333333,0,0.333333333333333
1653414158823_b9hlk,28,3,3,3,4,4,3,This was an interest survey.  I enjoyed.  I would like to see less news about the pirates of the Caribbean person case. ,6,1,june,0,0,1,0,2,white-caucasian,male,1,3,no,6,6,8,6,5,426,402,2,5,2,18,3.66666666666667,0,0.333333333333333
1653414432752_jphz1,59,5,4,5,4,3,4,no,6,0,emily,1,0,0,0,5,"",female,2,6,no,5,16,1,6,1,2,4,1,4,5,15,2.83333333333333,1,0.333333333333333
1653414804677_q0n7l,26,4,4,3,4,4,4,"",1,0,june,0,0,0,0,3,white-caucasian;native-hawaiian-pacific-islander,female,3,4,no,4,5,0,5,4,100,1000,2,5,3,3,3.16666666666667,0,0
1653415220296_hwea3,37,6,6,6,6,3,3,"regarding politics, I'm neutral, please provide that option or""""neither"""" please. thank you. ",6,0,june,0,0,0,0,3,black-african-american,female,4,3,no,2,13,0,1,1,100,3,1,5,3,19,2,0,0
1653415288966_zvzxk,39,2,3,3,2,2,3,"",6,1,emily,1,1,1,1,4,white-caucasian,female,3,4,no,5,16,5,5,5,391,93,1,5,2,16,4.5,1,1
1653416141428_lqrrj,24,4,3,3,3,3,2,"",6,0,emily,0,0,0,1,2,white-caucasian,female,1,1,no,5,4,4,4,5,1867,1129,2,5,1,19,4,1,0.333333333333333
1653416871874_cx1k6,35,3,4,2,2,1,1,"",2,0,june,0,0,1,0,3,white-caucasian,female,1,2,no,4,14,3,3,5,879,2500,2,4,3,18,4.83333333333333,0,0.166666666666667
1653417202234_jcj6f,31,1,6,6,1,3,3,GREAT JOB! KEEP UP THE GOOD WORK!,1,0,june,0,0,0,1,2,white-caucasian,female,2,6,no,2,16,0,3,5,8,20,2,5,2,13,3.66666666666667,0,0.166666666666667
1653417434782_pco28,29,4,3,6,3,3,2,"",6,0,june,0,0,0,1,3,white-caucasian,male,2,4,no,4,16,9,5,5,200,3,1,5,3,10,3.5,0,0.166666666666667
1653417502517_w1mqx,38,4,4,3,1,1,1,Nope!,6,1,emily,1,1,1,1,1,white-caucasian,male,3,1,no,5,18,4,4,5,732,1500,2,5,1,20,4.66666666666667,1,1
1653417928939_5y2eu,42,4,4,4,4,4,3,"",3,0,emily,0,0,1,1,3,white-caucasian,female,2,4,no,2,12,6,4,1,20,112,1,5,3,10,3.16666666666667,1,0.5
1653418271558_gve85,24,4,5,5,3,5,2,no,6,0,june,0,0,0,0,3,prefer-not-to-say,male,4,3,no,2,2,3,6,4,64,97,1,4,3,18,3,0,0
1653418271881_179d7,39,1,1,2,1,1,1,no,6,0,june,0,0,0,1,5,white-caucasian,female,2,5,no,5,4,8,5,1,150,1,2,2,4,11,5.83333333333333,0,0.166666666666667
1653418354764_b30qy,27,3,2,1,3,2,1,cool study ,6,1,june,0,0,1,0,1,white-caucasian,trans-non-binary,1,1,no,2,12,3,4,5,20,20,1,5,1,17,5,0,0.333333333333333
1653419186460_1hcnr,46,4,5,4,3,2,2,"",6,1,emily,1,1,1,1,1,asian,male,1,1,no,2,12,1,1,5,800,800,1,5,1,20,3.66666666666667,1,1
1653419288869_gnhgz,37,5,5,5,3,3,2,"",6,0,june,0,0,0,0,4,black-african-american,female,3,3,no,4,16,3,7,1,500,154,1,5,3,16,3.16666666666667,0,0
1653419322996_03vbq,25,4,4,3,3,3,3,No,6,0,emily,0,0,0,0,1,black-african-american,female,1,1,no,5,19,1,5,5,332,400,2,5,1,21,3.66666666666667,1,0.166666666666667
1653419876089_8nqsa,56,4,4,4,3,3,2,no,2,0,emily,0,0,1,1,5,white-caucasian,female,2,5,no,3,14,8,5,5,105,2,2,4,4,21,3.66666666666667,1,0.5
1653420050742_o7jlm,22,5,4,5,4,2,1,it was fun thanks,6,0,emily,0,0,1,1,3,white-caucasian,female,3,3,no,2,18,0,3,5,82,35,1,5,3,15,3.5,1,0.5
1653420055657_6q870,22,4,3,3,4,3,2,no,3,0,emily,0,0,0,0,3,black-african-american,male,3,3,no,2,14,3,2,2,435,430,2,5,3,21,3.83333333333333,1,0.166666666666667
1653420783023_msqwo,21,2,2,1,1,1,1,"",6,1,emily,1,1,1,1,2,asian,female,1,3,no,5,18,8,5,1,552,506,1,5,1,19,5.66666666666667,1,1
1653420980083_v1syl,51,2,2,2,2,2,2,nope,6,0,june,0,0,1,1,1,white-caucasian,female,1,1,no,6,18,7,3,5,217,288,2,5,1,15,5,0,0.333333333333333
1653421446891_nd7ks,42,1,1,1,1,1,1,no,6,0,emily,0,0,0,1,1,white-caucasian,male,1,1,no,3,14,6,6,5,200,575,2,5,1,22,6,1,0.333333333333333
1653421506024_qhb65,43,4,4,4,4,4,4,no,6,0,emily,0,0,1,1,3,white-caucasian,female,3,3,no,2,12,1,5,5,500,500,1,5,2,22,3,1,0.5
1653421644402_l5yfs,46,1,1,1,1,1,1,"",6,0,emily,0,1,0,0,3,white-caucasian,female,1,1,no,6,20.5,7,7,1,0,0,0,1,2,12,6,1,0.333333333333333
1653421708948_fqezn,37,1,1,1,1,1,1,no,1,1,june,0,1,0,1,2,white-caucasian,male,1,2,no,3,12,9,6,1,0,0,0,1,2,34,6,0,0.5
1653421797068_kwohd,71,4,4,3,2,2,2,no,1,0,emily,0,0,0,0,3,white-caucasian,female,3,4,no,5,16,1,5,5,0,0,1,4,3,15,4.16666666666667,1,0.166666666666667
1653421958668_9vsi9,34,2,2,2,2,1,1,no,1,0,emily,0,0,1,1,4,white-caucasian,female,2,5,no,4,14,6,5,5,537,537,1,5,4,16,5.33333333333333,1,0.5
1653422545612_uwphn,24,5,4,5,4,5,3,"",6,0,june,1,0,0,1,3,black-african-american,male,3,4,no,5,16,3,4,5,2000,300,2,5,3,6,2.66666666666667,0,0.333333333333333
1653422637104_xonvn,24,3,2,2,2,1,1,"",6,0,emily,0,0,0,1,2,white-caucasian,female,1,3,no,5,6,3,5,5,500,500,1,5,2,10,5.16666666666667,1,0.333333333333333
1653423323160_6lq0t,29,5,5,4,5,4,2,No,2,0,emily,0,0,0,0,3,white-caucasian,female,3,4,yes,4,13,3,4,5,677,348,1,5,3,16,2.83333333333333,1,0.166666666666667
1653423837925_mqmqf,33,4,4,1,2,2,3,"",6,0,emily,0,0,0,0,1,white-caucasian,female,3,3,no,5,17,4,4,3,150,1000,2,5,1,11,4.33333333333333,1,0.166666666666667
1653424145491_yct6p,28,3,3,3,3,3,3,no,3,1,emily,1,1,1,1,3,other,male,4,3,no,2,12,0,1,4,140,200,1,5,3,7,4,1,1
1653424371574_af0dw,24,5,3,5,5,5,4,"",6,1,emily,1,1,1,1,3,asian,male,2,4,no,5,16,3,4,2,2000,500,1,5,4,9,2.5,1,1
1653424665466_flan3,34,5,6,6,3,4,1,It was a great survey.,6,0,june,0,0,0,0,3,black-african-american,female,4,3,no,5,12,6,3,4,4,4,1,4,3,23,2.83333333333333,0,0
1653426722706_9lnn9,51,5,2,4,5,2,3,"",3,0,emily,0,0,1,1,3,white-caucasian,female,3,4,yes,3,0,0,1,3,646,1045,1,5,3,40,3.5,1,0.5
1653427633864_s7h97,57,4,3,4,3,4,2,no,1,0,emily,0,1,0,1,4,white-caucasian,male,2,6,no,5,16,1,6,1,15,25,2,4,4,14,3.66666666666667,1,0.5
1653428039543_qhq3y,29,5,5,4,5,5,5,No,6,1,emily,0,1,1,1,4,white-caucasian,female,2,4,no,5,5,8,6,3,1500,1000,2,5,4,10,2.16666666666667,1,0.833333333333333
1653428227258_nggbg,19,4,3,3,4,3,2,no,6,1,emily,1,1,1,1,1,asian,female,1,3,no,2,13,1,7,5,1600,1400,1,4,1,9,3.83333333333333,1,1
1653429070322_1uh20,43,4,4,2,1,1,1,No.,2,1,emily,1,1,1,1,4,white-caucasian,male,2,5,no,2,12,3,1,4,2,0,2,4,4,33,4.83333333333333,1,1
1653429092868_ewl8j,20,5,6,5,5,4,4,No,6,0,emily,0,0,0,0,2,prefer-not-to-say,female,3,3,no,4,2,7,5,2,5,100,1,4,2,8,2.16666666666667,1,0.166666666666667
1653429289744_pk2hf,35,4,4,3,4,3,3,no,2,0,emily,0,0,0,1,5,white-caucasian,female,2,6,no,4,4,9,5,5,600,100,1,5,5,8,3.5,1,0.333333333333333
1653429396245_oucm0,32,4,2,2,4,1,1,no,6,0,emily,0,0,0,1,1,white-caucasian,female,4,1,yes,4,14,3,4,4,4400,100,1,5,1,12,4.66666666666667,1,0.333333333333333
1653429495903_mo83s,35,5,5,3,5,4,2,"",1,0,emily,0,0,0,0,3,white-caucasian,female,3,4,no,6,19,1,7,1,605,2,1,5,3,6,3,1,0.166666666666667
1653429506285_4zyct,37,4,4,3,3,2,2,"",1,1,emily,0,0,0,1,5,white-caucasian,female,2,4,no,5,16,5,4,5,400,500,2,5,4,12,4,1,0.5
1653429721143_o95wa,58,3,3,1,2,1,1,"",6,1,june,1,1,1,1,3,white-caucasian,male,1,3,no,6,7,1,7,4,20,25,1,3,2,14,5.16666666666667,0,0.833333333333333
1653430124642_deg3g,33,1,2,1,1,1,1,"The study is scary, bc it looked like a news channel of brainwashing",2,0,emily,1,1,1,0,5,white-caucasian,male,4,4,no,6,15,3,5,1,3500,150,1,3,3,21,5.83333333333333,1,0.666666666666667
1653430166194_heojs,22,5,3,4,4,2,3,"No, thanks. ",2,0,june?,0,0,0,0,4,"",male,3,3,no,2,12,2,2,3,200,2,0,3,4,13,3.5,0,0
1653432564766_kqb8e,63,2,2,2,2,2,1,"",6,0,emily,1,1,1,1,2,white-caucasian,female,1,2,no,6,18,4,4,5,175,182,1,5,2,20,5.16666666666667,1,0.833333333333333
1653432674850_5s0lb,53,4,4,2,2,2,2,No,6,0,emily,1,1,1,1,3,asian,female,4,5,no,6,24,3,4,3,65,40,1,5,3,13,4.33333333333333,1,0.833333333333333
1653433957332_bayvr,47,1,1,2,1,1,1,"",6,0,emily,1,1,1,1,4,white-caucasian,male,2,4,no,5,16,9,6,5,0,0,1,4,3,12,5.83333333333333,1,0.833333333333333
1653434083510_o5ehi,27,1,1,1,1,1,1,"",6,1,emily,1,0,0,1,3,other,female,1,3,no,6,20,0,5,5,380,526,1,5,2,14,6,1,0.666666666666667
1653434335975_ffpxh,33,4,4,3,3,3,3,No comments ,1,0,emily,0,0,1,1,3,white-caucasian,female,3,4,no,2,13,6,4,3,80,80,1,5,3,18,3.66666666666667,1,0.5
1653434338616_1g89b,21,2,2,1,2,1,1,"",6,1,emily,1,1,1,1,1,asian,male,1,1,no,5,16,1,6,4,900,800,2,5,1,22,5.5,1,1
1653434593970_enqyl,32,5,3,4,4,3,2,"No, thank you!",6,0,june,0,0,0,0,2,black-african-american;american-indian-alaska-native,male,3,3,no,5,16,5,5,5,1500,250,1,5,4,22,3.5,0,0
1653435015992_lqueb,41,3,3,3,3,3,4,No,6,0,emily,0,0,0,0,1,black-african-american,female,1,1,no,6,12,9,7,4,700,300,2,5,2,16,3.83333333333333,1,0.166666666666667
1653435253330_bur3x,41,1,1,1,1,1,1,"No, thank you.",1,1,emily,0,1,1,1,3,white-caucasian,female,4,3,no,5,17,6,3,1,0,1,1,2,2,15,6,1,0.833333333333333
1653435442723_2597e,49,4,1,1,4,1,1,no,6,0,emily,0,0,0,1,1,white-caucasian,female,1,1,no,6,23,2,3,4,335,100,2,5,1,11,5,1,0.333333333333333
1653435631399_zr99i,41,4,4,5,4,4,4,no,1,1,emily,0,0,1,1,5,white-caucasian,female,2,5,no,4,14,1,6,4,501,29,1,5,5,36,2.83333333333333,1,0.666666666666667
1653435757371_s3udv,24,4,5,4,3,5,3,no,6,0,june,0,0,0,0,3,white-caucasian,male,1,3,no,5,13,6,6,1,17,379,2,5,2,14,3,0,0
1653436026839_6l66y,35,6,5,4,5,3,5,"",1,0,emily,0,1,1,1,3,other,female,2,4,no,4,2,3,3,1,128,300,1,5,3,23,2.33333333333333,1,0.666666666666667
1653436604265_w2p02,51,4,4,5,2,3,3,no,2,1,emily,0,1,1,1,5,white-caucasian,female,2,5,no,4,5,3,3,5,2600,2600,1,5,4,16,3.5,1,0.833333333333333
1653437561912_en482,44,2,2,2,2,1,1,No,6,0,emily,0,1,1,1,1,white-caucasian,female,1,1,no,4,3,7,6,5,550,300,2,5,1,26,5.33333333333333,1,0.666666666666667
1653438106155_mu6od,55,3,4,3,2,2,2,"",6,1,emily,1,1,1,1,3,white-caucasian,male,3,3,no,5,18,1,7,5,100,250,1,5,3,21,4.33333333333333,1,1
1653439089665_481td,21,4,4,5,4,5,5,"",6,1,emily,1,0,1,1,3,asian,male,1,2,no,5,4,9,7,4,1000,500,2,5,3,10,2.5,1,0.833333333333333
1653439110631_hic4j,48,4,3,3,4,3,2,"",6,0,emily,0,0,0,1,3,white-caucasian,male,3,4,no,4,16,1,9,5,1,40,2,5,3,24,3.83333333333333,1,0.333333333333333
1653439666632_m2jh6,30,5,2,2,2,1,2,"",2,0,emily,0,0,0,1,2,white-caucasian,female,3,4,no,2,12,0,6,3,1770,500,1,5,4,20,4.66666666666667,1,0.333333333333333
1653440068428_y8imt,37,5,4,4,4,3,2,"A """"dislike"""" button would have been nice on the social media posts. ",1,0,emily,0,0,1,1,4,white-caucasian,female,2,5,yes,5,16,8,5,4,300,2,2,5,5,14,3.33333333333333,1,0.5
1653440418222_m0ue2,41,2,1,3,2,2,2,"",6,0,unknown,0,0,0,1,2,white-caucasian,female,1,2,no,5,4,1,1,1,0,0,0,1,2,11,5,0,0.166666666666667
1653441180099_4m6ad,32,3,3,2,3,3,1,No Comments,6,1,emily,0,1,1,1,3,white-caucasian,male,2,6,no,1,11,8,5,3,125,400,2,5,3,19,4.5,1,0.833333333333333
1653441281690_mohx6,38,2,2,3,2,2,2,None.,6,1,emily,1,1,1,1,2,white-caucasian,male,1,3,no,4,14,7,6,5,40,140,2,4,2,20,4.83333333333333,1,1
1653441617861_9er99,30,4,4,4,4,4,4,Selecting the articles was way too long,6,0,emily,1,1,1,1,3,white-caucasian,male,1,3,no,6,20,8,5,1,10,100,1,5,3,16,3,1,0.833333333333333
1653441977637_jsub4,52,1,1,1,1,1,1,Just random on how many people I follow on social media,6,0,emily,0,0,0,1,1,white-caucasian,female,1,1,yes,5,12,4,4,5,215,25,2,5,1,29,6,1,0.333333333333333
1653442068751_922va,39,4,3,4,4,3,3,"No, thank you.",6,0,emily,0,1,0,1,2,white-caucasian,female,1,3,no,5,6,3,6,4,883,200,1,4,2,14,3.5,1,0.5
1653442125879_cpkk2,28,5,5,5,5,5,5,Nope,1,0,emily,0,1,1,1,3,white-caucasian,female,2,5,no,5,16,9,4,4,300,300,2,5,3,8,2,1,0.666666666666667
1653443135195_42cgc,35,3,3,5,3,1,1,NONE,1,0,june,0,0,0,0,5,asian,female,2,5,no,5,20,1,6,1,200,160,2,4,5,15,4.33333333333333,0,0
1653444996664_csgv8,21,4,4,3,2,3,2,n/a,6,1,emily,0,1,1,0,1,white-caucasian,female,1,1,no,5,16,3,5,3,800,400,2,5,1,12,4,1,0.666666666666667
1653445006651_4gje7,42,3,2,5,3,3,2,no,1,1,june,0,0,0,1,4,white-caucasian,male,2,5,no,2,12,6,2,4,0,0,0,1,4,23,4,0,0.333333333333333
1653446383783_httg1,59,2,2,5,2,2,2,no,6,0,june,0,0,1,0,3,white-caucasian,female,1,2,yes,2,12,1,5,2,0,0,1,5,3,15,4.5,0,0.166666666666667
1653447072348_c7ogi,47,5,5,4,4,3,3,no,6,1,emily,0,0,1,1,4,black-african-american,female,1,2,no,5,18,3,7,2,75,2,2,4,2,21,3,1,0.666666666666667
1653447604941_v07hj,19,4,4,4,4,4,3,"",6,1,june,0,1,1,1,3,white-caucasian,female,3,3,no,4,14,1,5,5,1300,830,2,5,3,23,3.16666666666667,0,0.666666666666667
1653447998441_sa8xk,38,5,5,5,2,3,2,None,6,0,emily,0,0,0,1,5,white-caucasian,male,3,4,no,5,17,4,4,5,822,144,1,5,2,16,3.33333333333333,1,0.333333333333333
1653448255660_rdrqn,23,5,4,2,4,3,2,"",3,0,june,0,0,0,1,4,asian,male,2,4,no,6,16,1,3,5,200,300,2,5,3,24,3.66666666666667,0,0.166666666666667
1653449272955_27zna,33,3,4,3,4,3,3,no,2,1,emily,0,0,0,1,2,asian,female,1,2,yes,5,20,2,7,4,30,3,1,5,2,15,3.66666666666667,1,0.5
1653449434644_p9sko,25,3,3,3,2,2,1,no,6,1,emily,1,1,1,1,2,white-caucasian,female,1,2,no,6,18,5,4,5,900,300,2,5,1,15,4.66666666666667,1,1
1653449783698_rm1z6,19,1,1,1,1,1,1,no,6,1,june,0,1,1,1,4,white-caucasian,female,3,3,no,4,15,0,4,1,800,500,2,4,2,10,6,0,0.666666666666667
1653450284530_jkxbr,20,4,2,1,1,1,1,"",6,1,emily,1,1,1,1,1,white-caucasian,trans-male,1,1,no,4,15,3,4,5,220,2350,2,5,1,12,5.33333333333333,1,1
1653451735346_2akt9,23,4,4,5,4,5,2,"",1,0,june,0,0,1,1,5,white-caucasian,male,2,5,no,5,17,1,3,1,987,1000,2,5,4,10,3,0,0.333333333333333
1653451825502_zh3mc,39,4,3,5,4,3,1,Thank you for the opportunity to participate in this study ,2,0,emily,0,0,0,0,3,white-caucasian,female,4,3,no,4,15,4,4,2,34,150,2,3,2,38,3.66666666666667,1,0.166666666666667
1653452371624_wamhq,24,5,2,2,5,3,2,no,6,0,emily,0,1,1,1,2,asian,female,1,2,no,5,20,6,3,5,408,356,1,5,2,14,3.83333333333333,1,0.666666666666667
1653452457790_jzp9y,35,5,2,5,5,5,2,N/A,6,0,june,0,0,0,1,2,black-african-american,trans-male,1,1,no,2,4,5,7,5,2500,500,2,5,2,14,3,0,0.166666666666667
1653452616629_no3wh,25,4,4,4,2,1,1,None at this time.,6,1,emily,1,1,1,1,3,asian,female,3,4,no,5,4,9,6,5,115,256,1,5,3,11,4.33333333333333,1,1
1653455150041_kx7i5,26,2,2,3,1,2,1,Make your answers a little less generalized,3,0,emily,0,0,0,1,4,white-caucasian,male,3,4,no,2,0,1,4,5,52,40,2,5,3,17,5.16666666666667,1,0.333333333333333
1653455560920_njjea,44,4,3,2,1,3,2,covid sucks yo,1,0,june,0,0,0,1,3,native-hawaiian-pacific-islander,female,2,5,no,4,20,1,3,4,303,164,1,4,3,25,4.5,0,0.166666666666667
1653456817060_2ncaj,29,2,2,3,2,2,2,n/a,6,0,june,0,1,0,1,2,white-caucasian,female,1,2,no,6,18,5,3,5,200,300,2,5,1,15,4.83333333333333,0,0.333333333333333
1653457482190_j81n1,30,2,2,2,2,2,2,N/A,3,0,emily,1,1,1,1,3,white-caucasian;american-indian-alaska-native,female,4,3,no,2,12,2,3,1,0,0,2,1,1,22,5,1,0.833333333333333
1653457526228_fc2yh,36,2,2,2,2,1,2,No,6,0,emily,1,1,0,1,2,white-caucasian,male,1,2,no,5,16,6,5,5,300,250,1,5,1,10,5.16666666666667,1,0.666666666666667
1653458494748_wb6s1,22,6,6,3,6,3,3,Good survey!,6,1,emily,1,1,1,1,3,asian,male,3,3,no,3,15,1,5,2,2420,783,1,5,3,12,2.5,1,1
1653466549508_jf7mb,32,4,3,4,4,3,4,No,2,0,june,0,0,0,1,2,black-african-american;prefer-not-to-say,female,2,4,no,4,25,0,7,3,82,42,1,5,3,9,3.33333333333333,0,0.166666666666667
1653472093735_s6frg,38,5,5,5,4,4,2,this was interesting.  will do again.,6,0,emily,0,0,1,1,3,white-caucasian;asian;native-hawaiian-pacific-islander;other,female,3,4,no,5,22,4,3,5,1359,2500,1,5,3,23,2.83333333333333,1,0.5
1653472906007_yp72z,35,2,3,3,2,2,1,No,3,0,emily,1,0,1,0,2,white-caucasian,female,3,3,no,4,15,4,1,3,113,333,2,5,2,10,4.83333333333333,1,0.5
1653473296611_e9ywy,33,4,4,3,3,2,2,"None, thanks!",6,0,emily,0,1,0,1,4,white-caucasian,male,2,4,no,3,12,5,6,3,135,150,1,5,4,15,4,1,0.5
1653473848451_aowfc,54,3,2,2,2,2,1,fascinating survey,2,0,june,0,0,0,0,4,white-caucasian,male,3,4,no,6,20,1,4,5,650,1000,1,5,3,10,5,0,0
1653477215675_rqrzn,32,4,3,1,2,1,1,"",6,1,emily,1,1,1,1,3,white-caucasian,male,3,4,no,6,18,5,3,5,0,0,0,1,3,20,5,1,1
1653477445015_h69ak,43,2,2,2,2,2,2,"",6,1,emily,1,1,1,1,1,black-african-american,female,4,1,no,5,16,2,3,5,106,100,2,5,1,16,5,1,1
1653479020475_sp4lk,41,1,1,1,1,1,1,no,6,0,i would guess june but it could really be anything.,0,1,0,0,4,white-caucasian,female,1,2,no,5,18,6,4,5,100,50,1,5,2,10,6,0,0.166666666666667
1653481746948_jcgrv,51,3,3,3,1,1,1,no,6,1,emily,0,1,1,0,2,white-caucasian,male,1,1,no,6,16,2,6,5,25,100,2,5,1,16,5,1,0.666666666666667
1653482009188_tpntj,42,1,1,1,1,1,1,No.,6,1,june,1,1,1,1,1,white-caucasian,female,3,3,no,5,16,4,3,3,0,50,2,2,1,28,6,0,0.833333333333333
1653482537983_3ra3p,37,3,3,3,2,3,3,nope,6,1,june,1,1,1,1,3,white-caucasian,male,1,2,no,5,4,1,8,3,600,200,1,5,1,13,4.16666666666667,0,0.833333333333333
1653482850833_0u2ak,42,3,4,3,3,1,1,No,1,1,emily,1,1,1,1,5,white-caucasian,male,3,4,no,6,19,9,6,4,5,6,2,3,4,18,4.5,1,1
1653483689380_uq9fu,44,3,3,4,4,3,2,no,1,0,emily,0,0,0,0,1,white-caucasian,female,3,3,no,2,1,4,5,4,1250,800,1,5,1,10,3.83333333333333,1,0.166666666666667
1653485247137_ymeqt,29,2,1,2,1,1,1,"",6,0,emily,0,1,1,1,1,white-caucasian,female,1,1,yes,5,16,8,7,4,50,50,2,5,1,12,5.66666666666667,1,0.666666666666667
